filepath,label,source_file,source_dataset
data/external/esd_processed/angry/esd_angry_0001.wav,angry,Emotion Speech Dataset/0001/Angry/0001_000441.wav,ESD
data/external/esd_processed/angry/esd_angry_0002.wav,angry,Emotion Speech Dataset/0001/Angry/0001_000481.wav,ESD
data/external/esd_processed/angry/esd_angry_0003.wav,angry,Emotion Speech Dataset/0001/Angry/0001_000486.wav,ESD
data/external/esd_processed/angry/esd_angry_0004.wav,angry,Emotion Speech Dataset/0001/Angry/0001_000494.wav,ESD
data/external/esd_processed/angry/esd_angry_0005.wav,angry,Emotion Speech Dataset/0001/Angry/0001_000507.wav,ESD
data/external/esd_processed/angry/esd_angry_0006.wav,angry,Emotion Speech Dataset/0001/Angry/0001_000543.wav,ESD
data/external/esd_processed/angry/esd_angry_0007.wav,angry,Emotion Speech Dataset/0001/Angry/0001_000627.wav,ESD
data/external/esd_processed/angry/esd_angry_0008.wav,angry,Emotion Speech Dataset/0001/Angry/0001_000636.wav,ESD
data/external/esd_processed/angry/esd_angry_0009.wav,angry,Emotion Speech Dataset/0002/Angry/0002_000353.wav,ESD
data/external/esd_processed/angry/esd_angry_0010.wav,angry,Emotion Speech Dataset/0002/Angry/0002_000355.wav,ESD
data/external/esd_processed/angry/esd_angry_0011.wav,angry,Emotion Speech Dataset/0002/Angry/0002_000356.wav,ESD
data/external/esd_processed/angry/esd_angry_0012.wav,angry,Emotion Speech Dataset/0002/Angry/0002_000437.wav,ESD
data/external/esd_processed/angry/esd_angry_0013.wav,angry,Emotion Speech Dataset/0002/Angry/0002_000583.wav,ESD
data/external/esd_processed/angry/esd_angry_0014.wav,angry,Emotion Speech Dataset/0002/Angry/0002_000653.wav,ESD
data/external/esd_processed/angry/esd_angry_0015.wav,angry,Emotion Speech Dataset/0002/Angry/0002_000661.wav,ESD
data/external/esd_processed/angry/esd_angry_0016.wav,angry,Emotion Speech Dataset/0002/Angry/0002_000677.wav,ESD
data/external/esd_processed/angry/esd_angry_0017.wav,angry,Emotion Speech Dataset/0003/Angry/0003_000363.wav,ESD
data/external/esd_processed/angry/esd_angry_0018.wav,angry,Emotion Speech Dataset/0003/Angry/0003_000373.wav,ESD
data/external/esd_processed/angry/esd_angry_0019.wav,angry,Emotion Speech Dataset/0003/Angry/0003_000407.wav,ESD
data/external/esd_processed/angry/esd_angry_0020.wav,angry,Emotion Speech Dataset/0003/Angry/0003_000416.wav,ESD
data/external/esd_processed/angry/esd_angry_0021.wav,angry,Emotion Speech Dataset/0003/Angry/0003_000430.wav,ESD
data/external/esd_processed/angry/esd_angry_0022.wav,angry,Emotion Speech Dataset/0003/Angry/0003_000457.wav,ESD
data/external/esd_processed/angry/esd_angry_0023.wav,angry,Emotion Speech Dataset/0003/Angry/0003_000479.wav,ESD
data/external/esd_processed/angry/esd_angry_0024.wav,angry,Emotion Speech Dataset/0003/Angry/0003_000557.wav,ESD
data/external/esd_processed/angry/esd_angry_0025.wav,angry,Emotion Speech Dataset/0003/Angry/0003_000682.wav,ESD
data/external/esd_processed/angry/esd_angry_0026.wav,angry,Emotion Speech Dataset/0003/Angry/0003_000683.wav,ESD
data/external/esd_processed/angry/esd_angry_0027.wav,angry,Emotion Speech Dataset/0004/Angry/0004_000439.wav,ESD
data/external/esd_processed/angry/esd_angry_0028.wav,angry,Emotion Speech Dataset/0004/Angry/0004_000456.wav,ESD
data/external/esd_processed/angry/esd_angry_0029.wav,angry,Emotion Speech Dataset/0004/Angry/0004_000539.wav,ESD
data/external/esd_processed/angry/esd_angry_0030.wav,angry,Emotion Speech Dataset/0004/Angry/0004_000590.wav,ESD
data/external/esd_processed/angry/esd_angry_0031.wav,angry,Emotion Speech Dataset/0004/Angry/0004_000634.wav,ESD
data/external/esd_processed/angry/esd_angry_0032.wav,angry,Emotion Speech Dataset/0004/Angry/0004_000657.wav,ESD
data/external/esd_processed/angry/esd_angry_0033.wav,angry,Emotion Speech Dataset/0004/Angry/0004_000659.wav,ESD
data/external/esd_processed/angry/esd_angry_0034.wav,angry,Emotion Speech Dataset/0005/Angry/0005_000381.wav,ESD
data/external/esd_processed/angry/esd_angry_0035.wav,angry,Emotion Speech Dataset/0005/Angry/0005_000445.wav,ESD
data/external/esd_processed/angry/esd_angry_0036.wav,angry,Emotion Speech Dataset/0005/Angry/0005_000526.wav,ESD
data/external/esd_processed/angry/esd_angry_0037.wav,angry,Emotion Speech Dataset/0005/Angry/0005_000584.wav,ESD
data/external/esd_processed/angry/esd_angry_0038.wav,angry,Emotion Speech Dataset/0005/Angry/0005_000592.wav,ESD
data/external/esd_processed/angry/esd_angry_0039.wav,angry,Emotion Speech Dataset/0005/Angry/0005_000595.wav,ESD
data/external/esd_processed/angry/esd_angry_0040.wav,angry,Emotion Speech Dataset/0005/Angry/0005_000644.wav,ESD
data/external/esd_processed/angry/esd_angry_0041.wav,angry,Emotion Speech Dataset/0006/Angry/0006_000361.wav,ESD
data/external/esd_processed/angry/esd_angry_0042.wav,angry,Emotion Speech Dataset/0006/Angry/0006_000407.wav,ESD
data/external/esd_processed/angry/esd_angry_0043.wav,angry,Emotion Speech Dataset/0006/Angry/0006_000492.wav,ESD
data/external/esd_processed/angry/esd_angry_0044.wav,angry,Emotion Speech Dataset/0006/Angry/0006_000497.wav,ESD
data/external/esd_processed/angry/esd_angry_0045.wav,angry,Emotion Speech Dataset/0006/Angry/0006_000517.wav,ESD
data/external/esd_processed/angry/esd_angry_0046.wav,angry,Emotion Speech Dataset/0006/Angry/0006_000585.wav,ESD
data/external/esd_processed/angry/esd_angry_0047.wav,angry,Emotion Speech Dataset/0006/Angry/0006_000609.wav,ESD
data/external/esd_processed/angry/esd_angry_0048.wav,angry,Emotion Speech Dataset/0006/Angry/0006_000648.wav,ESD
data/external/esd_processed/angry/esd_angry_0049.wav,angry,Emotion Speech Dataset/0006/Angry/0006_000657.wav,ESD
data/external/esd_processed/angry/esd_angry_0050.wav,angry,Emotion Speech Dataset/0006/Angry/0006_000665.wav,ESD
data/external/esd_processed/angry/esd_angry_0051.wav,angry,Emotion Speech Dataset/0006/Angry/0006_000692.wav,ESD
data/external/esd_processed/angry/esd_angry_0052.wav,angry,Emotion Speech Dataset/0007/Angry/0007_000356.wav,ESD
data/external/esd_processed/angry/esd_angry_0053.wav,angry,Emotion Speech Dataset/0007/Angry/0007_000385.wav,ESD
data/external/esd_processed/angry/esd_angry_0054.wav,angry,Emotion Speech Dataset/0007/Angry/0007_000398.wav,ESD
data/external/esd_processed/angry/esd_angry_0055.wav,angry,Emotion Speech Dataset/0007/Angry/0007_000399.wav,ESD
data/external/esd_processed/angry/esd_angry_0056.wav,angry,Emotion Speech Dataset/0007/Angry/0007_000427.wav,ESD
data/external/esd_processed/angry/esd_angry_0057.wav,angry,Emotion Speech Dataset/0007/Angry/0007_000435.wav,ESD
data/external/esd_processed/angry/esd_angry_0058.wav,angry,Emotion Speech Dataset/0007/Angry/0007_000451.wav,ESD
data/external/esd_processed/angry/esd_angry_0059.wav,angry,Emotion Speech Dataset/0007/Angry/0007_000463.wav,ESD
data/external/esd_processed/angry/esd_angry_0060.wav,angry,Emotion Speech Dataset/0007/Angry/0007_000479.wav,ESD
data/external/esd_processed/angry/esd_angry_0061.wav,angry,Emotion Speech Dataset/0007/Angry/0007_000508.wav,ESD
data/external/esd_processed/angry/esd_angry_0062.wav,angry,Emotion Speech Dataset/0007/Angry/0007_000522.wav,ESD
data/external/esd_processed/angry/esd_angry_0063.wav,angry,Emotion Speech Dataset/0007/Angry/0007_000555.wav,ESD
data/external/esd_processed/angry/esd_angry_0064.wav,angry,Emotion Speech Dataset/0007/Angry/0007_000561.wav,ESD
data/external/esd_processed/angry/esd_angry_0065.wav,angry,Emotion Speech Dataset/0007/Angry/0007_000676.wav,ESD
data/external/esd_processed/angry/esd_angry_0066.wav,angry,Emotion Speech Dataset/0008/Angry/0008_000369.wav,ESD
data/external/esd_processed/angry/esd_angry_0067.wav,angry,Emotion Speech Dataset/0008/Angry/0008_000393.wav,ESD
data/external/esd_processed/angry/esd_angry_0068.wav,angry,Emotion Speech Dataset/0008/Angry/0008_000408.wav,ESD
data/external/esd_processed/angry/esd_angry_0069.wav,angry,Emotion Speech Dataset/0008/Angry/0008_000439.wav,ESD
data/external/esd_processed/angry/esd_angry_0070.wav,angry,Emotion Speech Dataset/0008/Angry/0008_000515.wav,ESD
data/external/esd_processed/angry/esd_angry_0071.wav,angry,Emotion Speech Dataset/0008/Angry/0008_000559.wav,ESD
data/external/esd_processed/angry/esd_angry_0072.wav,angry,Emotion Speech Dataset/0008/Angry/0008_000628.wav,ESD
data/external/esd_processed/angry/esd_angry_0073.wav,angry,Emotion Speech Dataset/0008/Angry/0008_000635.wav,ESD
data/external/esd_processed/angry/esd_angry_0074.wav,angry,Emotion Speech Dataset/0009/Angry/0009_000379.wav,ESD
data/external/esd_processed/angry/esd_angry_0075.wav,angry,Emotion Speech Dataset/0009/Angry/0009_000446.wav,ESD
data/external/esd_processed/angry/esd_angry_0076.wav,angry,Emotion Speech Dataset/0009/Angry/0009_000471.wav,ESD
data/external/esd_processed/angry/esd_angry_0077.wav,angry,Emotion Speech Dataset/0009/Angry/0009_000518.wav,ESD
data/external/esd_processed/angry/esd_angry_0078.wav,angry,Emotion Speech Dataset/0009/Angry/0009_000568.wav,ESD
data/external/esd_processed/angry/esd_angry_0079.wav,angry,Emotion Speech Dataset/0009/Angry/0009_000612.wav,ESD
data/external/esd_processed/angry/esd_angry_0080.wav,angry,Emotion Speech Dataset/0009/Angry/0009_000628.wav,ESD
data/external/esd_processed/angry/esd_angry_0081.wav,angry,Emotion Speech Dataset/0009/Angry/0009_000684.wav,ESD
data/external/esd_processed/angry/esd_angry_0082.wav,angry,Emotion Speech Dataset/0010/Angry/0010_000366.wav,ESD
data/external/esd_processed/angry/esd_angry_0083.wav,angry,Emotion Speech Dataset/0010/Angry/0010_000368.wav,ESD
data/external/esd_processed/angry/esd_angry_0084.wav,angry,Emotion Speech Dataset/0010/Angry/0010_000385.wav,ESD
data/external/esd_processed/angry/esd_angry_0085.wav,angry,Emotion Speech Dataset/0010/Angry/0010_000405.wav,ESD
data/external/esd_processed/angry/esd_angry_0086.wav,angry,Emotion Speech Dataset/0010/Angry/0010_000446.wav,ESD
data/external/esd_processed/angry/esd_angry_0087.wav,angry,Emotion Speech Dataset/0010/Angry/0010_000452.wav,ESD
data/external/esd_processed/angry/esd_angry_0088.wav,angry,Emotion Speech Dataset/0010/Angry/0010_000563.wav,ESD
data/external/esd_processed/angry/esd_angry_0089.wav,angry,Emotion Speech Dataset/0010/Angry/0010_000564.wav,ESD
data/external/esd_processed/angry/esd_angry_0090.wav,angry,Emotion Speech Dataset/0010/Angry/0010_000613.wav,ESD
data/external/esd_processed/angry/esd_angry_0091.wav,angry,Emotion Speech Dataset/0010/Angry/0010_000663.wav,ESD
data/external/esd_processed/angry/esd_angry_0092.wav,angry,Emotion Speech Dataset/0010/Angry/0010_000687.wav,ESD
data/external/esd_processed/angry/esd_angry_0093.wav,angry,Emotion Speech Dataset/0011/Angry/0011_000366.wav,ESD
data/external/esd_processed/angry/esd_angry_0094.wav,angry,Emotion Speech Dataset/0011/Angry/0011_000372.wav,ESD
data/external/esd_processed/angry/esd_angry_0095.wav,angry,Emotion Speech Dataset/0011/Angry/0011_000399.wav,ESD
data/external/esd_processed/angry/esd_angry_0096.wav,angry,Emotion Speech Dataset/0011/Angry/0011_000430.wav,ESD
data/external/esd_processed/angry/esd_angry_0097.wav,angry,Emotion Speech Dataset/0011/Angry/0011_000443.wav,ESD
data/external/esd_processed/angry/esd_angry_0098.wav,angry,Emotion Speech Dataset/0011/Angry/0011_000455.wav,ESD
data/external/esd_processed/angry/esd_angry_0099.wav,angry,Emotion Speech Dataset/0011/Angry/0011_000458.wav,ESD
data/external/esd_processed/angry/esd_angry_0100.wav,angry,Emotion Speech Dataset/0011/Angry/0011_000505.wav,ESD
data/external/esd_processed/angry/esd_angry_0101.wav,angry,Emotion Speech Dataset/0011/Angry/0011_000515.wav,ESD
data/external/esd_processed/angry/esd_angry_0102.wav,angry,Emotion Speech Dataset/0011/Angry/0011_000528.wav,ESD
data/external/esd_processed/angry/esd_angry_0103.wav,angry,Emotion Speech Dataset/0011/Angry/0011_000558.wav,ESD
data/external/esd_processed/angry/esd_angry_0104.wav,angry,Emotion Speech Dataset/0011/Angry/0011_000613.wav,ESD
data/external/esd_processed/angry/esd_angry_0105.wav,angry,Emotion Speech Dataset/0011/Angry/0011_000642.wav,ESD
data/external/esd_processed/angry/esd_angry_0106.wav,angry,Emotion Speech Dataset/0011/Angry/0011_000688.wav,ESD
data/external/esd_processed/angry/esd_angry_0107.wav,angry,Emotion Speech Dataset/0012/Angry/0012_000386.wav,ESD
data/external/esd_processed/angry/esd_angry_0108.wav,angry,Emotion Speech Dataset/0012/Angry/0012_000396.wav,ESD
data/external/esd_processed/angry/esd_angry_0109.wav,angry,Emotion Speech Dataset/0012/Angry/0012_000435.wav,ESD
data/external/esd_processed/angry/esd_angry_0110.wav,angry,Emotion Speech Dataset/0012/Angry/0012_000436.wav,ESD
data/external/esd_processed/angry/esd_angry_0111.wav,angry,Emotion Speech Dataset/0012/Angry/0012_000463.wav,ESD
data/external/esd_processed/angry/esd_angry_0112.wav,angry,Emotion Speech Dataset/0012/Angry/0012_000480.wav,ESD
data/external/esd_processed/angry/esd_angry_0113.wav,angry,Emotion Speech Dataset/0012/Angry/0012_000495.wav,ESD
data/external/esd_processed/angry/esd_angry_0114.wav,angry,Emotion Speech Dataset/0012/Angry/0012_000532.wav,ESD
data/external/esd_processed/angry/esd_angry_0115.wav,angry,Emotion Speech Dataset/0012/Angry/0012_000549.wav,ESD
data/external/esd_processed/angry/esd_angry_0116.wav,angry,Emotion Speech Dataset/0012/Angry/0012_000684.wav,ESD
data/external/esd_processed/angry/esd_angry_0117.wav,angry,Emotion Speech Dataset/0012/Angry/0012_000690.wav,ESD
data/external/esd_processed/angry/esd_angry_0118.wav,angry,Emotion Speech Dataset/0013/Angry/0013_000353.wav,ESD
data/external/esd_processed/angry/esd_angry_0119.wav,angry,Emotion Speech Dataset/0013/Angry/0013_000396.wav,ESD
data/external/esd_processed/angry/esd_angry_0120.wav,angry,Emotion Speech Dataset/0013/Angry/0013_000433.wav,ESD
data/external/esd_processed/angry/esd_angry_0121.wav,angry,Emotion Speech Dataset/0013/Angry/0013_000481.wav,ESD
data/external/esd_processed/angry/esd_angry_0122.wav,angry,Emotion Speech Dataset/0013/Angry/0013_000488.wav,ESD
data/external/esd_processed/angry/esd_angry_0123.wav,angry,Emotion Speech Dataset/0013/Angry/0013_000502.wav,ESD
data/external/esd_processed/angry/esd_angry_0124.wav,angry,Emotion Speech Dataset/0013/Angry/0013_000504.wav,ESD
data/external/esd_processed/angry/esd_angry_0125.wav,angry,Emotion Speech Dataset/0013/Angry/0013_000513.wav,ESD
data/external/esd_processed/angry/esd_angry_0126.wav,angry,Emotion Speech Dataset/0013/Angry/0013_000577.wav,ESD
data/external/esd_processed/angry/esd_angry_0127.wav,angry,Emotion Speech Dataset/0013/Angry/0013_000617.wav,ESD
data/external/esd_processed/angry/esd_angry_0128.wav,angry,Emotion Speech Dataset/0013/Angry/0013_000640.wav,ESD
data/external/esd_processed/angry/esd_angry_0129.wav,angry,Emotion Speech Dataset/0013/Angry/0013_000659.wav,ESD
data/external/esd_processed/angry/esd_angry_0130.wav,angry,Emotion Speech Dataset/0013/Angry/0013_000691.wav,ESD
data/external/esd_processed/angry/esd_angry_0131.wav,angry,Emotion Speech Dataset/0014/Angry/0014_000360.wav,ESD
data/external/esd_processed/angry/esd_angry_0132.wav,angry,Emotion Speech Dataset/0014/Angry/0014_000371.wav,ESD
data/external/esd_processed/angry/esd_angry_0133.wav,angry,Emotion Speech Dataset/0014/Angry/0014_000389.wav,ESD
data/external/esd_processed/angry/esd_angry_0134.wav,angry,Emotion Speech Dataset/0014/Angry/0014_000394.wav,ESD
data/external/esd_processed/angry/esd_angry_0135.wav,angry,Emotion Speech Dataset/0014/Angry/0014_000484.wav,ESD
data/external/esd_processed/angry/esd_angry_0136.wav,angry,Emotion Speech Dataset/0014/Angry/0014_000583.wav,ESD
data/external/esd_processed/angry/esd_angry_0137.wav,angry,Emotion Speech Dataset/0014/Angry/0014_000669.wav,ESD
data/external/esd_processed/angry/esd_angry_0138.wav,angry,Emotion Speech Dataset/0015/Angry/0015_000425.wav,ESD
data/external/esd_processed/angry/esd_angry_0139.wav,angry,Emotion Speech Dataset/0015/Angry/0015_000429.wav,ESD
data/external/esd_processed/angry/esd_angry_0140.wav,angry,Emotion Speech Dataset/0015/Angry/0015_000431.wav,ESD
data/external/esd_processed/angry/esd_angry_0141.wav,angry,Emotion Speech Dataset/0015/Angry/0015_000467.wav,ESD
data/external/esd_processed/angry/esd_angry_0142.wav,angry,Emotion Speech Dataset/0015/Angry/0015_000510.wav,ESD
data/external/esd_processed/angry/esd_angry_0143.wav,angry,Emotion Speech Dataset/0015/Angry/0015_000517.wav,ESD
data/external/esd_processed/angry/esd_angry_0144.wav,angry,Emotion Speech Dataset/0015/Angry/0015_000539.wav,ESD
data/external/esd_processed/angry/esd_angry_0145.wav,angry,Emotion Speech Dataset/0016/Angry/0016_000352.wav,ESD
data/external/esd_processed/angry/esd_angry_0146.wav,angry,Emotion Speech Dataset/0016/Angry/0016_000404.wav,ESD
data/external/esd_processed/angry/esd_angry_0147.wav,angry,Emotion Speech Dataset/0016/Angry/0016_000471.wav,ESD
data/external/esd_processed/angry/esd_angry_0148.wav,angry,Emotion Speech Dataset/0016/Angry/0016_000474.wav,ESD
data/external/esd_processed/angry/esd_angry_0149.wav,angry,Emotion Speech Dataset/0016/Angry/0016_000547.wav,ESD
data/external/esd_processed/angry/esd_angry_0150.wav,angry,Emotion Speech Dataset/0016/Angry/0016_000572.wav,ESD
data/external/esd_processed/angry/esd_angry_0151.wav,angry,Emotion Speech Dataset/0016/Angry/0016_000573.wav,ESD
data/external/esd_processed/angry/esd_angry_0152.wav,angry,Emotion Speech Dataset/0016/Angry/0016_000604.wav,ESD
data/external/esd_processed/angry/esd_angry_0153.wav,angry,Emotion Speech Dataset/0017/Angry/0017_000357.wav,ESD
data/external/esd_processed/angry/esd_angry_0154.wav,angry,Emotion Speech Dataset/0017/Angry/0017_000364.wav,ESD
data/external/esd_processed/angry/esd_angry_0155.wav,angry,Emotion Speech Dataset/0017/Angry/0017_000413.wav,ESD
data/external/esd_processed/angry/esd_angry_0156.wav,angry,Emotion Speech Dataset/0017/Angry/0017_000453.wav,ESD
data/external/esd_processed/angry/esd_angry_0157.wav,angry,Emotion Speech Dataset/0017/Angry/0017_000461.wav,ESD
data/external/esd_processed/angry/esd_angry_0158.wav,angry,Emotion Speech Dataset/0017/Angry/0017_000490.wav,ESD
data/external/esd_processed/angry/esd_angry_0159.wav,angry,Emotion Speech Dataset/0017/Angry/0017_000519.wav,ESD
data/external/esd_processed/angry/esd_angry_0160.wav,angry,Emotion Speech Dataset/0017/Angry/0017_000543.wav,ESD
data/external/esd_processed/angry/esd_angry_0161.wav,angry,Emotion Speech Dataset/0018/Angry/0018_000370.wav,ESD
data/external/esd_processed/angry/esd_angry_0162.wav,angry,Emotion Speech Dataset/0018/Angry/0018_000428.wav,ESD
data/external/esd_processed/angry/esd_angry_0163.wav,angry,Emotion Speech Dataset/0018/Angry/0018_000435.wav,ESD
data/external/esd_processed/angry/esd_angry_0164.wav,angry,Emotion Speech Dataset/0018/Angry/0018_000460.wav,ESD
data/external/esd_processed/angry/esd_angry_0165.wav,angry,Emotion Speech Dataset/0018/Angry/0018_000472.wav,ESD
data/external/esd_processed/angry/esd_angry_0166.wav,angry,Emotion Speech Dataset/0018/Angry/0018_000490.wav,ESD
data/external/esd_processed/angry/esd_angry_0167.wav,angry,Emotion Speech Dataset/0018/Angry/0018_000501.wav,ESD
data/external/esd_processed/angry/esd_angry_0168.wav,angry,Emotion Speech Dataset/0018/Angry/0018_000555.wav,ESD
data/external/esd_processed/angry/esd_angry_0169.wav,angry,Emotion Speech Dataset/0018/Angry/0018_000578.wav,ESD
data/external/esd_processed/angry/esd_angry_0170.wav,angry,Emotion Speech Dataset/0018/Angry/0018_000625.wav,ESD
data/external/esd_processed/angry/esd_angry_0171.wav,angry,Emotion Speech Dataset/0018/Angry/0018_000688.wav,ESD
data/external/esd_processed/angry/esd_angry_0172.wav,angry,Emotion Speech Dataset/0019/Angry/0019_000357.wav,ESD
data/external/esd_processed/angry/esd_angry_0173.wav,angry,Emotion Speech Dataset/0019/Angry/0019_000364.wav,ESD
data/external/esd_processed/angry/esd_angry_0174.wav,angry,Emotion Speech Dataset/0019/Angry/0019_000427.wav,ESD
data/external/esd_processed/angry/esd_angry_0175.wav,angry,Emotion Speech Dataset/0019/Angry/0019_000438.wav,ESD
data/external/esd_processed/angry/esd_angry_0176.wav,angry,Emotion Speech Dataset/0019/Angry/0019_000459.wav,ESD
data/external/esd_processed/angry/esd_angry_0177.wav,angry,Emotion Speech Dataset/0019/Angry/0019_000468.wav,ESD
data/external/esd_processed/angry/esd_angry_0178.wav,angry,Emotion Speech Dataset/0019/Angry/0019_000471.wav,ESD
data/external/esd_processed/angry/esd_angry_0179.wav,angry,Emotion Speech Dataset/0019/Angry/0019_000478.wav,ESD
data/external/esd_processed/angry/esd_angry_0180.wav,angry,Emotion Speech Dataset/0019/Angry/0019_000524.wav,ESD
data/external/esd_processed/angry/esd_angry_0181.wav,angry,Emotion Speech Dataset/0019/Angry/0019_000607.wav,ESD
data/external/esd_processed/angry/esd_angry_0182.wav,angry,Emotion Speech Dataset/0019/Angry/0019_000628.wav,ESD
data/external/esd_processed/angry/esd_angry_0183.wav,angry,Emotion Speech Dataset/0019/Angry/0019_000636.wav,ESD
data/external/esd_processed/angry/esd_angry_0184.wav,angry,Emotion Speech Dataset/0019/Angry/0019_000693.wav,ESD
data/external/esd_processed/angry/esd_angry_0185.wav,angry,Emotion Speech Dataset/0019/Angry/0019_000694.wav,ESD
data/external/esd_processed/angry/esd_angry_0186.wav,angry,Emotion Speech Dataset/0020/Angry/0020_000394.wav,ESD
data/external/esd_processed/angry/esd_angry_0187.wav,angry,Emotion Speech Dataset/0020/Angry/0020_000398.wav,ESD
data/external/esd_processed/angry/esd_angry_0188.wav,angry,Emotion Speech Dataset/0020/Angry/0020_000404.wav,ESD
data/external/esd_processed/angry/esd_angry_0189.wav,angry,Emotion Speech Dataset/0020/Angry/0020_000418.wav,ESD
data/external/esd_processed/angry/esd_angry_0190.wav,angry,Emotion Speech Dataset/0020/Angry/0020_000421.wav,ESD
data/external/esd_processed/angry/esd_angry_0191.wav,angry,Emotion Speech Dataset/0020/Angry/0020_000496.wav,ESD
data/external/esd_processed/angry/esd_angry_0192.wav,angry,Emotion Speech Dataset/0020/Angry/0020_000540.wav,ESD
data/external/esd_processed/angry/esd_angry_0193.wav,angry,Emotion Speech Dataset/0020/Angry/0020_000568.wav,ESD
data/external/esd_processed/angry/esd_angry_0194.wav,angry,Emotion Speech Dataset/0020/Angry/0020_000582.wav,ESD
data/external/esd_processed/angry/esd_angry_0195.wav,angry,Emotion Speech Dataset/0020/Angry/0020_000599.wav,ESD
data/external/esd_processed/angry/esd_angry_0196.wav,angry,Emotion Speech Dataset/0020/Angry/0020_000606.wav,ESD
data/external/esd_processed/angry/esd_angry_0197.wav,angry,Emotion Speech Dataset/0020/Angry/0020_000612.wav,ESD
data/external/esd_processed/angry/esd_angry_0198.wav,angry,Emotion Speech Dataset/0020/Angry/0020_000613.wav,ESD
data/external/esd_processed/angry/esd_angry_0199.wav,angry,Emotion Speech Dataset/0020/Angry/0020_000640.wav,ESD
data/external/esd_processed/angry/esd_angry_0200.wav,angry,Emotion Speech Dataset/0020/Angry/0020_000660.wav,ESD
data/external/esd_processed/happy/esd_happy_0201.wav,happy,Emotion Speech Dataset/0001/Happy/0001_000717.wav,ESD
data/external/esd_processed/happy/esd_happy_0202.wav,happy,Emotion Speech Dataset/0001/Happy/0001_000778.wav,ESD
data/external/esd_processed/happy/esd_happy_0203.wav,happy,Emotion Speech Dataset/0001/Happy/0001_000807.wav,ESD
data/external/esd_processed/happy/esd_happy_0204.wav,happy,Emotion Speech Dataset/0001/Happy/0001_000811.wav,ESD
data/external/esd_processed/happy/esd_happy_0205.wav,happy,Emotion Speech Dataset/0001/Happy/0001_000986.wav,ESD
data/external/esd_processed/happy/esd_happy_0206.wav,happy,Emotion Speech Dataset/0001/Happy/0001_001004.wav,ESD
data/external/esd_processed/happy/esd_happy_0207.wav,happy,Emotion Speech Dataset/0001/Happy/0001_001007.wav,ESD
data/external/esd_processed/happy/esd_happy_0208.wav,happy,Emotion Speech Dataset/0002/Happy/0002_000758.wav,ESD
data/external/esd_processed/happy/esd_happy_0209.wav,happy,Emotion Speech Dataset/0002/Happy/0002_000798.wav,ESD
data/external/esd_processed/happy/esd_happy_0210.wav,happy,Emotion Speech Dataset/0002/Happy/0002_000823.wav,ESD
data/external/esd_processed/happy/esd_happy_0211.wav,happy,Emotion Speech Dataset/0002/Happy/0002_000873.wav,ESD
data/external/esd_processed/happy/esd_happy_0212.wav,happy,Emotion Speech Dataset/0002/Happy/0002_000921.wav,ESD
data/external/esd_processed/happy/esd_happy_0213.wav,happy,Emotion Speech Dataset/0002/Happy/0002_000943.wav,ESD
data/external/esd_processed/happy/esd_happy_0214.wav,happy,Emotion Speech Dataset/0002/Happy/0002_000963.wav,ESD
data/external/esd_processed/happy/esd_happy_0215.wav,happy,Emotion Speech Dataset/0002/Happy/0002_000967.wav,ESD
data/external/esd_processed/happy/esd_happy_0216.wav,happy,Emotion Speech Dataset/0002/Happy/0002_000997.wav,ESD
data/external/esd_processed/happy/esd_happy_0217.wav,happy,Emotion Speech Dataset/0002/Happy/0002_001004.wav,ESD
data/external/esd_processed/happy/esd_happy_0218.wav,happy,Emotion Speech Dataset/0002/Happy/0002_001022.wav,ESD
data/external/esd_processed/happy/esd_happy_0219.wav,happy,Emotion Speech Dataset/0002/Happy/0002_001027.wav,ESD
data/external/esd_processed/happy/esd_happy_0220.wav,happy,Emotion Speech Dataset/0003/Happy/0003_000755.wav,ESD
data/external/esd_processed/happy/esd_happy_0221.wav,happy,Emotion Speech Dataset/0003/Happy/0003_000882.wav,ESD
data/external/esd_processed/happy/esd_happy_0222.wav,happy,Emotion Speech Dataset/0003/Happy/0003_000889.wav,ESD
data/external/esd_processed/happy/esd_happy_0223.wav,happy,Emotion Speech Dataset/0003/Happy/0003_000934.wav,ESD
data/external/esd_processed/happy/esd_happy_0224.wav,happy,Emotion Speech Dataset/0003/Happy/0003_000950.wav,ESD
data/external/esd_processed/happy/esd_happy_0225.wav,happy,Emotion Speech Dataset/0003/Happy/0003_000998.wav,ESD
data/external/esd_processed/happy/esd_happy_0226.wav,happy,Emotion Speech Dataset/0003/Happy/0003_001016.wav,ESD
data/external/esd_processed/happy/esd_happy_0227.wav,happy,Emotion Speech Dataset/0003/Happy/0003_001048.wav,ESD
data/external/esd_processed/happy/esd_happy_0228.wav,happy,Emotion Speech Dataset/0004/Happy/0004_000714.wav,ESD
data/external/esd_processed/happy/esd_happy_0229.wav,happy,Emotion Speech Dataset/0004/Happy/0004_000747.wav,ESD
data/external/esd_processed/happy/esd_happy_0230.wav,happy,Emotion Speech Dataset/0004/Happy/0004_000832.wav,ESD
data/external/esd_processed/happy/esd_happy_0231.wav,happy,Emotion Speech Dataset/0004/Happy/0004_000841.wav,ESD
data/external/esd_processed/happy/esd_happy_0232.wav,happy,Emotion Speech Dataset/0004/Happy/0004_000850.wav,ESD
data/external/esd_processed/happy/esd_happy_0233.wav,happy,Emotion Speech Dataset/0004/Happy/0004_000857.wav,ESD
data/external/esd_processed/happy/esd_happy_0234.wav,happy,Emotion Speech Dataset/0004/Happy/0004_000866.wav,ESD
data/external/esd_processed/happy/esd_happy_0235.wav,happy,Emotion Speech Dataset/0004/Happy/0004_000888.wav,ESD
data/external/esd_processed/happy/esd_happy_0236.wav,happy,Emotion Speech Dataset/0004/Happy/0004_000890.wav,ESD
data/external/esd_processed/happy/esd_happy_0237.wav,happy,Emotion Speech Dataset/0004/Happy/0004_000965.wav,ESD
data/external/esd_processed/happy/esd_happy_0238.wav,happy,Emotion Speech Dataset/0004/Happy/0004_001003.wav,ESD
data/external/esd_processed/happy/esd_happy_0239.wav,happy,Emotion Speech Dataset/0004/Happy/0004_001004.wav,ESD
data/external/esd_processed/happy/esd_happy_0240.wav,happy,Emotion Speech Dataset/0004/Happy/0004_001007.wav,ESD
data/external/esd_processed/happy/esd_happy_0241.wav,happy,Emotion Speech Dataset/0004/Happy/0004_001019.wav,ESD
data/external/esd_processed/happy/esd_happy_0242.wav,happy,Emotion Speech Dataset/0005/Happy/0005_000702.wav,ESD
data/external/esd_processed/happy/esd_happy_0243.wav,happy,Emotion Speech Dataset/0005/Happy/0005_000813.wav,ESD
data/external/esd_processed/happy/esd_happy_0244.wav,happy,Emotion Speech Dataset/0005/Happy/0005_000890.wav,ESD
data/external/esd_processed/happy/esd_happy_0245.wav,happy,Emotion Speech Dataset/0005/Happy/0005_000952.wav,ESD
data/external/esd_processed/happy/esd_happy_0246.wav,happy,Emotion Speech Dataset/0005/Happy/0005_000954.wav,ESD
data/external/esd_processed/happy/esd_happy_0247.wav,happy,Emotion Speech Dataset/0005/Happy/0005_000979.wav,ESD
data/external/esd_processed/happy/esd_happy_0248.wav,happy,Emotion Speech Dataset/0005/Happy/0005_001031.wav,ESD
data/external/esd_processed/happy/esd_happy_0249.wav,happy,Emotion Speech Dataset/0005/Happy/0005_001033.wav,ESD
data/external/esd_processed/happy/esd_happy_0250.wav,happy,Emotion Speech Dataset/0005/Happy/0005_001034.wav,ESD
data/external/esd_processed/happy/esd_happy_0251.wav,happy,Emotion Speech Dataset/0006/Happy/0006_000761.wav,ESD
data/external/esd_processed/happy/esd_happy_0252.wav,happy,Emotion Speech Dataset/0006/Happy/0006_000794.wav,ESD
data/external/esd_processed/happy/esd_happy_0253.wav,happy,Emotion Speech Dataset/0006/Happy/0006_000882.wav,ESD
data/external/esd_processed/happy/esd_happy_0254.wav,happy,Emotion Speech Dataset/0006/Happy/0006_000899.wav,ESD
data/external/esd_processed/happy/esd_happy_0255.wav,happy,Emotion Speech Dataset/0006/Happy/0006_000918.wav,ESD
data/external/esd_processed/happy/esd_happy_0256.wav,happy,Emotion Speech Dataset/0006/Happy/0006_000943.wav,ESD
data/external/esd_processed/happy/esd_happy_0257.wav,happy,Emotion Speech Dataset/0006/Happy/0006_001020.wav,ESD
data/external/esd_processed/happy/esd_happy_0258.wav,happy,Emotion Speech Dataset/0007/Happy/0007_000787.wav,ESD
data/external/esd_processed/happy/esd_happy_0259.wav,happy,Emotion Speech Dataset/0007/Happy/0007_000813.wav,ESD
data/external/esd_processed/happy/esd_happy_0260.wav,happy,Emotion Speech Dataset/0007/Happy/0007_000830.wav,ESD
data/external/esd_processed/happy/esd_happy_0261.wav,happy,Emotion Speech Dataset/0007/Happy/0007_000873.wav,ESD
data/external/esd_processed/happy/esd_happy_0262.wav,happy,Emotion Speech Dataset/0007/Happy/0007_000938.wav,ESD
data/external/esd_processed/happy/esd_happy_0263.wav,happy,Emotion Speech Dataset/0007/Happy/0007_000968.wav,ESD
data/external/esd_processed/happy/esd_happy_0264.wav,happy,Emotion Speech Dataset/0007/Happy/0007_000983.wav,ESD
data/external/esd_processed/happy/esd_happy_0265.wav,happy,Emotion Speech Dataset/0008/Happy/0008_000712.wav,ESD
data/external/esd_processed/happy/esd_happy_0266.wav,happy,Emotion Speech Dataset/0008/Happy/0008_000725.wav,ESD
data/external/esd_processed/happy/esd_happy_0267.wav,happy,Emotion Speech Dataset/0008/Happy/0008_000775.wav,ESD
data/external/esd_processed/happy/esd_happy_0268.wav,happy,Emotion Speech Dataset/0008/Happy/0008_000785.wav,ESD
data/external/esd_processed/happy/esd_happy_0269.wav,happy,Emotion Speech Dataset/0008/Happy/0008_000853.wav,ESD
data/external/esd_processed/happy/esd_happy_0270.wav,happy,Emotion Speech Dataset/0008/Happy/0008_000870.wav,ESD
data/external/esd_processed/happy/esd_happy_0271.wav,happy,Emotion Speech Dataset/0008/Happy/0008_000934.wav,ESD
data/external/esd_processed/happy/esd_happy_0272.wav,happy,Emotion Speech Dataset/0008/Happy/0008_000941.wav,ESD
data/external/esd_processed/happy/esd_happy_0273.wav,happy,Emotion Speech Dataset/0008/Happy/0008_000943.wav,ESD
data/external/esd_processed/happy/esd_happy_0274.wav,happy,Emotion Speech Dataset/0008/Happy/0008_000952.wav,ESD
data/external/esd_processed/happy/esd_happy_0275.wav,happy,Emotion Speech Dataset/0008/Happy/0008_000957.wav,ESD
data/external/esd_processed/happy/esd_happy_0276.wav,happy,Emotion Speech Dataset/0008/Happy/0008_000994.wav,ESD
data/external/esd_processed/happy/esd_happy_0277.wav,happy,Emotion Speech Dataset/0009/Happy/0009_000724.wav,ESD
data/external/esd_processed/happy/esd_happy_0278.wav,happy,Emotion Speech Dataset/0009/Happy/0009_000765.wav,ESD
data/external/esd_processed/happy/esd_happy_0279.wav,happy,Emotion Speech Dataset/0009/Happy/0009_000903.wav,ESD
data/external/esd_processed/happy/esd_happy_0280.wav,happy,Emotion Speech Dataset/0009/Happy/0009_000915.wav,ESD
data/external/esd_processed/happy/esd_happy_0281.wav,happy,Emotion Speech Dataset/0009/Happy/0009_000978.wav,ESD
data/external/esd_processed/happy/esd_happy_0282.wav,happy,Emotion Speech Dataset/0009/Happy/0009_000990.wav,ESD
data/external/esd_processed/happy/esd_happy_0283.wav,happy,Emotion Speech Dataset/0009/Happy/0009_000996.wav,ESD
data/external/esd_processed/happy/esd_happy_0284.wav,happy,Emotion Speech Dataset/0010/Happy/0010_000737.wav,ESD
data/external/esd_processed/happy/esd_happy_0285.wav,happy,Emotion Speech Dataset/0010/Happy/0010_000744.wav,ESD
data/external/esd_processed/happy/esd_happy_0286.wav,happy,Emotion Speech Dataset/0010/Happy/0010_000756.wav,ESD
data/external/esd_processed/happy/esd_happy_0287.wav,happy,Emotion Speech Dataset/0010/Happy/0010_000804.wav,ESD
data/external/esd_processed/happy/esd_happy_0288.wav,happy,Emotion Speech Dataset/0010/Happy/0010_000835.wav,ESD
data/external/esd_processed/happy/esd_happy_0289.wav,happy,Emotion Speech Dataset/0010/Happy/0010_000843.wav,ESD
data/external/esd_processed/happy/esd_happy_0290.wav,happy,Emotion Speech Dataset/0010/Happy/0010_000935.wav,ESD
data/external/esd_processed/happy/esd_happy_0291.wav,happy,Emotion Speech Dataset/0010/Happy/0010_001005.wav,ESD
data/external/esd_processed/happy/esd_happy_0292.wav,happy,Emotion Speech Dataset/0010/Happy/0010_001037.wav,ESD
data/external/esd_processed/happy/esd_happy_0293.wav,happy,Emotion Speech Dataset/0010/Happy/0010_001045.wav,ESD
data/external/esd_processed/happy/esd_happy_0294.wav,happy,Emotion Speech Dataset/0011/Happy/0011_000773.wav,ESD
data/external/esd_processed/happy/esd_happy_0295.wav,happy,Emotion Speech Dataset/0011/Happy/0011_000832.wav,ESD
data/external/esd_processed/happy/esd_happy_0296.wav,happy,Emotion Speech Dataset/0011/Happy/0011_000857.wav,ESD
data/external/esd_processed/happy/esd_happy_0297.wav,happy,Emotion Speech Dataset/0011/Happy/0011_000916.wav,ESD
data/external/esd_processed/happy/esd_happy_0298.wav,happy,Emotion Speech Dataset/0011/Happy/0011_000940.wav,ESD
data/external/esd_processed/happy/esd_happy_0299.wav,happy,Emotion Speech Dataset/0011/Happy/0011_000962.wav,ESD
data/external/esd_processed/happy/esd_happy_0300.wav,happy,Emotion Speech Dataset/0011/Happy/0011_000965.wav,ESD
data/external/esd_processed/happy/esd_happy_0301.wav,happy,Emotion Speech Dataset/0011/Happy/0011_000975.wav,ESD
data/external/esd_processed/happy/esd_happy_0302.wav,happy,Emotion Speech Dataset/0011/Happy/0011_000994.wav,ESD
data/external/esd_processed/happy/esd_happy_0303.wav,happy,Emotion Speech Dataset/0011/Happy/0011_000998.wav,ESD
data/external/esd_processed/happy/esd_happy_0304.wav,happy,Emotion Speech Dataset/0011/Happy/0011_001014.wav,ESD
data/external/esd_processed/happy/esd_happy_0305.wav,happy,Emotion Speech Dataset/0011/Happy/0011_001018.wav,ESD
data/external/esd_processed/happy/esd_happy_0306.wav,happy,Emotion Speech Dataset/0012/Happy/0012_000704.wav,ESD
data/external/esd_processed/happy/esd_happy_0307.wav,happy,Emotion Speech Dataset/0012/Happy/0012_000709.wav,ESD
data/external/esd_processed/happy/esd_happy_0308.wav,happy,Emotion Speech Dataset/0012/Happy/0012_000739.wav,ESD
data/external/esd_processed/happy/esd_happy_0309.wav,happy,Emotion Speech Dataset/0012/Happy/0012_000780.wav,ESD
data/external/esd_processed/happy/esd_happy_0310.wav,happy,Emotion Speech Dataset/0012/Happy/0012_000821.wav,ESD
data/external/esd_processed/happy/esd_happy_0311.wav,happy,Emotion Speech Dataset/0012/Happy/0012_000851.wav,ESD
data/external/esd_processed/happy/esd_happy_0312.wav,happy,Emotion Speech Dataset/0012/Happy/0012_000932.wav,ESD
data/external/esd_processed/happy/esd_happy_0313.wav,happy,Emotion Speech Dataset/0012/Happy/0012_001008.wav,ESD
data/external/esd_processed/happy/esd_happy_0314.wav,happy,Emotion Speech Dataset/0013/Happy/0013_000739.wav,ESD
data/external/esd_processed/happy/esd_happy_0315.wav,happy,Emotion Speech Dataset/0013/Happy/0013_000811.wav,ESD
data/external/esd_processed/happy/esd_happy_0316.wav,happy,Emotion Speech Dataset/0013/Happy/0013_000823.wav,ESD
data/external/esd_processed/happy/esd_happy_0317.wav,happy,Emotion Speech Dataset/0013/Happy/0013_000894.wav,ESD
data/external/esd_processed/happy/esd_happy_0318.wav,happy,Emotion Speech Dataset/0013/Happy/0013_000924.wav,ESD
data/external/esd_processed/happy/esd_happy_0319.wav,happy,Emotion Speech Dataset/0013/Happy/0013_000995.wav,ESD
data/external/esd_processed/happy/esd_happy_0320.wav,happy,Emotion Speech Dataset/0013/Happy/0013_001035.wav,ESD
data/external/esd_processed/happy/esd_happy_0321.wav,happy,Emotion Speech Dataset/0014/Happy/0014_000734.wav,ESD
data/external/esd_processed/happy/esd_happy_0322.wav,happy,Emotion Speech Dataset/0014/Happy/0014_000773.wav,ESD
data/external/esd_processed/happy/esd_happy_0323.wav,happy,Emotion Speech Dataset/0014/Happy/0014_000812.wav,ESD
data/external/esd_processed/happy/esd_happy_0324.wav,happy,Emotion Speech Dataset/0014/Happy/0014_000829.wav,ESD
data/external/esd_processed/happy/esd_happy_0325.wav,happy,Emotion Speech Dataset/0014/Happy/0014_000832.wav,ESD
data/external/esd_processed/happy/esd_happy_0326.wav,happy,Emotion Speech Dataset/0014/Happy/0014_000835.wav,ESD
data/external/esd_processed/happy/esd_happy_0327.wav,happy,Emotion Speech Dataset/0014/Happy/0014_000890.wav,ESD
data/external/esd_processed/happy/esd_happy_0328.wav,happy,Emotion Speech Dataset/0014/Happy/0014_000907.wav,ESD
data/external/esd_processed/happy/esd_happy_0329.wav,happy,Emotion Speech Dataset/0014/Happy/0014_000915.wav,ESD
data/external/esd_processed/happy/esd_happy_0330.wav,happy,Emotion Speech Dataset/0014/Happy/0014_000917.wav,ESD
data/external/esd_processed/happy/esd_happy_0331.wav,happy,Emotion Speech Dataset/0014/Happy/0014_000934.wav,ESD
data/external/esd_processed/happy/esd_happy_0332.wav,happy,Emotion Speech Dataset/0014/Happy/0014_000949.wav,ESD
data/external/esd_processed/happy/esd_happy_0333.wav,happy,Emotion Speech Dataset/0014/Happy/0014_000958.wav,ESD
data/external/esd_processed/happy/esd_happy_0334.wav,happy,Emotion Speech Dataset/0014/Happy/0014_000983.wav,ESD
data/external/esd_processed/happy/esd_happy_0335.wav,happy,Emotion Speech Dataset/0014/Happy/0014_001021.wav,ESD
data/external/esd_processed/happy/esd_happy_0336.wav,happy,Emotion Speech Dataset/0014/Happy/0014_001041.wav,ESD
data/external/esd_processed/happy/esd_happy_0337.wav,happy,Emotion Speech Dataset/0014/Happy/0014_001046.wav,ESD
data/external/esd_processed/happy/esd_happy_0338.wav,happy,Emotion Speech Dataset/0015/Happy/0015_000718.wav,ESD
data/external/esd_processed/happy/esd_happy_0339.wav,happy,Emotion Speech Dataset/0015/Happy/0015_000726.wav,ESD
data/external/esd_processed/happy/esd_happy_0340.wav,happy,Emotion Speech Dataset/0015/Happy/0015_000776.wav,ESD
data/external/esd_processed/happy/esd_happy_0341.wav,happy,Emotion Speech Dataset/0015/Happy/0015_000926.wav,ESD
data/external/esd_processed/happy/esd_happy_0342.wav,happy,Emotion Speech Dataset/0015/Happy/0015_000928.wav,ESD
data/external/esd_processed/happy/esd_happy_0343.wav,happy,Emotion Speech Dataset/0015/Happy/0015_000938.wav,ESD
data/external/esd_processed/happy/esd_happy_0344.wav,happy,Emotion Speech Dataset/0015/Happy/0015_000971.wav,ESD
data/external/esd_processed/happy/esd_happy_0345.wav,happy,Emotion Speech Dataset/0015/Happy/0015_000973.wav,ESD
data/external/esd_processed/happy/esd_happy_0346.wav,happy,Emotion Speech Dataset/0015/Happy/0015_000989.wav,ESD
data/external/esd_processed/happy/esd_happy_0347.wav,happy,Emotion Speech Dataset/0015/Happy/0015_000997.wav,ESD
data/external/esd_processed/happy/esd_happy_0348.wav,happy,Emotion Speech Dataset/0016/Happy/0016_000720.wav,ESD
data/external/esd_processed/happy/esd_happy_0349.wav,happy,Emotion Speech Dataset/0016/Happy/0016_000737.wav,ESD
data/external/esd_processed/happy/esd_happy_0350.wav,happy,Emotion Speech Dataset/0016/Happy/0016_000806.wav,ESD
data/external/esd_processed/happy/esd_happy_0351.wav,happy,Emotion Speech Dataset/0016/Happy/0016_000826.wav,ESD
data/external/esd_processed/happy/esd_happy_0352.wav,happy,Emotion Speech Dataset/0016/Happy/0016_000838.wav,ESD
data/external/esd_processed/happy/esd_happy_0353.wav,happy,Emotion Speech Dataset/0016/Happy/0016_000862.wav,ESD
data/external/esd_processed/happy/esd_happy_0354.wav,happy,Emotion Speech Dataset/0016/Happy/0016_000875.wav,ESD
data/external/esd_processed/happy/esd_happy_0355.wav,happy,Emotion Speech Dataset/0016/Happy/0016_000914.wav,ESD
data/external/esd_processed/happy/esd_happy_0356.wav,happy,Emotion Speech Dataset/0016/Happy/0016_001025.wav,ESD
data/external/esd_processed/happy/esd_happy_0357.wav,happy,Emotion Speech Dataset/0016/Happy/0016_001034.wav,ESD
data/external/esd_processed/happy/esd_happy_0358.wav,happy,Emotion Speech Dataset/0017/Happy/0017_000701.wav,ESD
data/external/esd_processed/happy/esd_happy_0359.wav,happy,Emotion Speech Dataset/0017/Happy/0017_000709.wav,ESD
data/external/esd_processed/happy/esd_happy_0360.wav,happy,Emotion Speech Dataset/0017/Happy/0017_000728.wav,ESD
data/external/esd_processed/happy/esd_happy_0361.wav,happy,Emotion Speech Dataset/0017/Happy/0017_000771.wav,ESD
data/external/esd_processed/happy/esd_happy_0362.wav,happy,Emotion Speech Dataset/0017/Happy/0017_000772.wav,ESD
data/external/esd_processed/happy/esd_happy_0363.wav,happy,Emotion Speech Dataset/0017/Happy/0017_000791.wav,ESD
data/external/esd_processed/happy/esd_happy_0364.wav,happy,Emotion Speech Dataset/0017/Happy/0017_000813.wav,ESD
data/external/esd_processed/happy/esd_happy_0365.wav,happy,Emotion Speech Dataset/0017/Happy/0017_000858.wav,ESD
data/external/esd_processed/happy/esd_happy_0366.wav,happy,Emotion Speech Dataset/0017/Happy/0017_000862.wav,ESD
data/external/esd_processed/happy/esd_happy_0367.wav,happy,Emotion Speech Dataset/0017/Happy/0017_000876.wav,ESD
data/external/esd_processed/happy/esd_happy_0368.wav,happy,Emotion Speech Dataset/0017/Happy/0017_000905.wav,ESD
data/external/esd_processed/happy/esd_happy_0369.wav,happy,Emotion Speech Dataset/0017/Happy/0017_000909.wav,ESD
data/external/esd_processed/happy/esd_happy_0370.wav,happy,Emotion Speech Dataset/0017/Happy/0017_000916.wav,ESD
data/external/esd_processed/happy/esd_happy_0371.wav,happy,Emotion Speech Dataset/0017/Happy/0017_000918.wav,ESD
data/external/esd_processed/happy/esd_happy_0372.wav,happy,Emotion Speech Dataset/0017/Happy/0017_000991.wav,ESD
data/external/esd_processed/happy/esd_happy_0373.wav,happy,Emotion Speech Dataset/0017/Happy/0017_001027.wav,ESD
data/external/esd_processed/happy/esd_happy_0374.wav,happy,Emotion Speech Dataset/0017/Happy/0017_001050.wav,ESD
data/external/esd_processed/happy/esd_happy_0375.wav,happy,Emotion Speech Dataset/0018/Happy/0018_000709.wav,ESD
data/external/esd_processed/happy/esd_happy_0376.wav,happy,Emotion Speech Dataset/0018/Happy/0018_000710.wav,ESD
data/external/esd_processed/happy/esd_happy_0377.wav,happy,Emotion Speech Dataset/0018/Happy/0018_000766.wav,ESD
data/external/esd_processed/happy/esd_happy_0378.wav,happy,Emotion Speech Dataset/0018/Happy/0018_000819.wav,ESD
data/external/esd_processed/happy/esd_happy_0379.wav,happy,Emotion Speech Dataset/0018/Happy/0018_000820.wav,ESD
data/external/esd_processed/happy/esd_happy_0380.wav,happy,Emotion Speech Dataset/0018/Happy/0018_000835.wav,ESD
data/external/esd_processed/happy/esd_happy_0381.wav,happy,Emotion Speech Dataset/0018/Happy/0018_000838.wav,ESD
data/external/esd_processed/happy/esd_happy_0382.wav,happy,Emotion Speech Dataset/0018/Happy/0018_000909.wav,ESD
data/external/esd_processed/happy/esd_happy_0383.wav,happy,Emotion Speech Dataset/0018/Happy/0018_000968.wav,ESD
data/external/esd_processed/happy/esd_happy_0384.wav,happy,Emotion Speech Dataset/0018/Happy/0018_001024.wav,ESD
data/external/esd_processed/happy/esd_happy_0385.wav,happy,Emotion Speech Dataset/0019/Happy/0019_000706.wav,ESD
data/external/esd_processed/happy/esd_happy_0386.wav,happy,Emotion Speech Dataset/0019/Happy/0019_000750.wav,ESD
data/external/esd_processed/happy/esd_happy_0387.wav,happy,Emotion Speech Dataset/0019/Happy/0019_000772.wav,ESD
data/external/esd_processed/happy/esd_happy_0388.wav,happy,Emotion Speech Dataset/0019/Happy/0019_000776.wav,ESD
data/external/esd_processed/happy/esd_happy_0389.wav,happy,Emotion Speech Dataset/0019/Happy/0019_000887.wav,ESD
data/external/esd_processed/happy/esd_happy_0390.wav,happy,Emotion Speech Dataset/0019/Happy/0019_000923.wav,ESD
data/external/esd_processed/happy/esd_happy_0391.wav,happy,Emotion Speech Dataset/0019/Happy/0019_000925.wav,ESD
data/external/esd_processed/happy/esd_happy_0392.wav,happy,Emotion Speech Dataset/0019/Happy/0019_000963.wav,ESD
data/external/esd_processed/happy/esd_happy_0393.wav,happy,Emotion Speech Dataset/0020/Happy/0020_000720.wav,ESD
data/external/esd_processed/happy/esd_happy_0394.wav,happy,Emotion Speech Dataset/0020/Happy/0020_000721.wav,ESD
data/external/esd_processed/happy/esd_happy_0395.wav,happy,Emotion Speech Dataset/0020/Happy/0020_000754.wav,ESD
data/external/esd_processed/happy/esd_happy_0396.wav,happy,Emotion Speech Dataset/0020/Happy/0020_000913.wav,ESD
data/external/esd_processed/happy/esd_happy_0397.wav,happy,Emotion Speech Dataset/0020/Happy/0020_000928.wav,ESD
data/external/esd_processed/happy/esd_happy_0398.wav,happy,Emotion Speech Dataset/0020/Happy/0020_000987.wav,ESD
data/external/esd_processed/happy/esd_happy_0399.wav,happy,Emotion Speech Dataset/0020/Happy/0020_000994.wav,ESD
data/external/esd_processed/happy/esd_happy_0400.wav,happy,Emotion Speech Dataset/0020/Happy/0020_001026.wav,ESD
data/external/esd_processed/neutral/esd_neutral_0401.wav,neutral,Emotion Speech Dataset/0001/Neutral/0001_000106.wav,ESD
data/external/esd_processed/neutral/esd_neutral_0402.wav,neutral,Emotion Speech Dataset/0001/Neutral/0001_000133.wav,ESD
data/external/esd_processed/neutral/esd_neutral_0403.wav,neutral,Emotion Speech Dataset/0001/Neutral/0001_000171.wav,ESD
data/external/esd_processed/neutral/esd_neutral_0404.wav,neutral,Emotion Speech Dataset/0001/Neutral/0001_000204.wav,ESD
data/external/esd_processed/neutral/esd_neutral_0405.wav,neutral,Emotion Speech Dataset/0001/Neutral/0001_000238.wav,ESD
data/external/esd_processed/neutral/esd_neutral_0406.wav,neutral,Emotion Speech Dataset/0001/Neutral/0001_000250.wav,ESD
data/external/esd_processed/neutral/esd_neutral_0407.wav,neutral,Emotion Speech Dataset/0001/Neutral/0001_000288.wav,ESD
data/external/esd_processed/neutral/esd_neutral_0408.wav,neutral,Emotion Speech Dataset/0001/Neutral/0001_000312.wav,ESD
data/external/esd_processed/neutral/esd_neutral_0409.wav,neutral,Emotion Speech Dataset/0001/Neutral/0001_000331.wav,ESD
data/external/esd_processed/neutral/esd_neutral_0410.wav,neutral,Emotion Speech Dataset/0002/Neutral/0002_000046.wav,ESD
data/external/esd_processed/neutral/esd_neutral_0411.wav,neutral,Emotion Speech Dataset/0002/Neutral/0002_000052.wav,ESD
data/external/esd_processed/neutral/esd_neutral_0412.wav,neutral,Emotion Speech Dataset/0002/Neutral/0002_000055.wav,ESD
data/external/esd_processed/neutral/esd_neutral_0413.wav,neutral,Emotion Speech Dataset/0002/Neutral/0002_000059.wav,ESD
data/external/esd_processed/neutral/esd_neutral_0414.wav,neutral,Emotion Speech Dataset/0002/Neutral/0002_000134.wav,ESD
data/external/esd_processed/neutral/esd_neutral_0415.wav,neutral,Emotion Speech Dataset/0002/Neutral/0002_000140.wav,ESD
data/external/esd_processed/neutral/esd_neutral_0416.wav,neutral,Emotion Speech Dataset/0002/Neutral/0002_000181.wav,ESD
data/external/esd_processed/neutral/esd_neutral_0417.wav,neutral,Emotion Speech Dataset/0002/Neutral/0002_000194.wav,ESD
data/external/esd_processed/neutral/esd_neutral_0418.wav,neutral,Emotion Speech Dataset/0002/Neutral/0002_000211.wav,ESD
data/external/esd_processed/neutral/esd_neutral_0419.wav,neutral,Emotion Speech Dataset/0002/Neutral/0002_000235.wav,ESD
data/external/esd_processed/neutral/esd_neutral_0420.wav,neutral,Emotion Speech Dataset/0002/Neutral/0002_000239.wav,ESD
data/external/esd_processed/neutral/esd_neutral_0421.wav,neutral,Emotion Speech Dataset/0002/Neutral/0002_000298.wav,ESD
data/external/esd_processed/neutral/esd_neutral_0422.wav,neutral,Emotion Speech Dataset/0002/Neutral/0002_000300.wav,ESD
data/external/esd_processed/neutral/esd_neutral_0423.wav,neutral,Emotion Speech Dataset/0002/Neutral/0002_000318.wav,ESD
data/external/esd_processed/neutral/esd_neutral_0424.wav,neutral,Emotion Speech Dataset/0003/Neutral/0003_000059.wav,ESD
data/external/esd_processed/neutral/esd_neutral_0425.wav,neutral,Emotion Speech Dataset/0003/Neutral/0003_000102.wav,ESD
data/external/esd_processed/neutral/esd_neutral_0426.wav,neutral,Emotion Speech Dataset/0003/Neutral/0003_000119.wav,ESD
data/external/esd_processed/neutral/esd_neutral_0427.wav,neutral,Emotion Speech Dataset/0003/Neutral/0003_000135.wav,ESD
data/external/esd_processed/neutral/esd_neutral_0428.wav,neutral,Emotion Speech Dataset/0003/Neutral/0003_000177.wav,ESD
data/external/esd_processed/neutral/esd_neutral_0429.wav,neutral,Emotion Speech Dataset/0003/Neutral/0003_000194.wav,ESD
data/external/esd_processed/neutral/esd_neutral_0430.wav,neutral,Emotion Speech Dataset/0003/Neutral/0003_000196.wav,ESD
data/external/esd_processed/neutral/esd_neutral_0431.wav,neutral,Emotion Speech Dataset/0003/Neutral/0003_000231.wav,ESD
data/external/esd_processed/neutral/esd_neutral_0432.wav,neutral,Emotion Speech Dataset/0003/Neutral/0003_000239.wav,ESD
data/external/esd_processed/neutral/esd_neutral_0433.wav,neutral,Emotion Speech Dataset/0003/Neutral/0003_000245.wav,ESD
data/external/esd_processed/neutral/esd_neutral_0434.wav,neutral,Emotion Speech Dataset/0003/Neutral/0003_000321.wav,ESD
data/external/esd_processed/neutral/esd_neutral_0435.wav,neutral,Emotion Speech Dataset/0004/Neutral/0004_000001.wav,ESD
data/external/esd_processed/neutral/esd_neutral_0436.wav,neutral,Emotion Speech Dataset/0004/Neutral/0004_000048.wav,ESD
data/external/esd_processed/neutral/esd_neutral_0437.wav,neutral,Emotion Speech Dataset/0004/Neutral/0004_000133.wav,ESD
data/external/esd_processed/neutral/esd_neutral_0438.wav,neutral,Emotion Speech Dataset/0004/Neutral/0004_000153.wav,ESD
data/external/esd_processed/neutral/esd_neutral_0439.wav,neutral,Emotion Speech Dataset/0004/Neutral/0004_000231.wav,ESD
data/external/esd_processed/neutral/esd_neutral_0440.wav,neutral,Emotion Speech Dataset/0004/Neutral/0004_000291.wav,ESD
data/external/esd_processed/neutral/esd_neutral_0441.wav,neutral,Emotion Speech Dataset/0004/Neutral/0004_000322.wav,ESD
data/external/esd_processed/neutral/esd_neutral_0442.wav,neutral,Emotion Speech Dataset/0005/Neutral/0005_000025.wav,ESD
data/external/esd_processed/neutral/esd_neutral_0443.wav,neutral,Emotion Speech Dataset/0005/Neutral/0005_000052.wav,ESD
data/external/esd_processed/neutral/esd_neutral_0444.wav,neutral,Emotion Speech Dataset/0005/Neutral/0005_000142.wav,ESD
data/external/esd_processed/neutral/esd_neutral_0445.wav,neutral,Emotion Speech Dataset/0005/Neutral/0005_000205.wav,ESD
data/external/esd_processed/neutral/esd_neutral_0446.wav,neutral,Emotion Speech Dataset/0005/Neutral/0005_000253.wav,ESD
data/external/esd_processed/neutral/esd_neutral_0447.wav,neutral,Emotion Speech Dataset/0005/Neutral/0005_000266.wav,ESD
data/external/esd_processed/neutral/esd_neutral_0448.wav,neutral,Emotion Speech Dataset/0006/Neutral/0006_000038.wav,ESD
data/external/esd_processed/neutral/esd_neutral_0449.wav,neutral,Emotion Speech Dataset/0006/Neutral/0006_000087.wav,ESD
data/external/esd_processed/neutral/esd_neutral_0450.wav,neutral,Emotion Speech Dataset/0006/Neutral/0006_000104.wav,ESD
data/external/esd_processed/neutral/esd_neutral_0451.wav,neutral,Emotion Speech Dataset/0006/Neutral/0006_000107.wav,ESD
data/external/esd_processed/neutral/esd_neutral_0452.wav,neutral,Emotion Speech Dataset/0006/Neutral/0006_000146.wav,ESD
data/external/esd_processed/neutral/esd_neutral_0453.wav,neutral,Emotion Speech Dataset/0006/Neutral/0006_000156.wav,ESD
data/external/esd_processed/neutral/esd_neutral_0454.wav,neutral,Emotion Speech Dataset/0006/Neutral/0006_000164.wav,ESD
data/external/esd_processed/neutral/esd_neutral_0455.wav,neutral,Emotion Speech Dataset/0006/Neutral/0006_000204.wav,ESD
data/external/esd_processed/neutral/esd_neutral_0456.wav,neutral,Emotion Speech Dataset/0006/Neutral/0006_000206.wav,ESD
data/external/esd_processed/neutral/esd_neutral_0457.wav,neutral,Emotion Speech Dataset/0006/Neutral/0006_000247.wav,ESD
data/external/esd_processed/neutral/esd_neutral_0458.wav,neutral,Emotion Speech Dataset/0006/Neutral/0006_000341.wav,ESD
data/external/esd_processed/neutral/esd_neutral_0459.wav,neutral,Emotion Speech Dataset/0007/Neutral/0007_000027.wav,ESD
data/external/esd_processed/neutral/esd_neutral_0460.wav,neutral,Emotion Speech Dataset/0007/Neutral/0007_000105.wav,ESD
data/external/esd_processed/neutral/esd_neutral_0461.wav,neutral,Emotion Speech Dataset/0007/Neutral/0007_000123.wav,ESD
data/external/esd_processed/neutral/esd_neutral_0462.wav,neutral,Emotion Speech Dataset/0007/Neutral/0007_000132.wav,ESD
data/external/esd_processed/neutral/esd_neutral_0463.wav,neutral,Emotion Speech Dataset/0007/Neutral/0007_000145.wav,ESD
data/external/esd_processed/neutral/esd_neutral_0464.wav,neutral,Emotion Speech Dataset/0007/Neutral/0007_000155.wav,ESD
data/external/esd_processed/neutral/esd_neutral_0465.wav,neutral,Emotion Speech Dataset/0007/Neutral/0007_000159.wav,ESD
data/external/esd_processed/neutral/esd_neutral_0466.wav,neutral,Emotion Speech Dataset/0007/Neutral/0007_000163.wav,ESD
data/external/esd_processed/neutral/esd_neutral_0467.wav,neutral,Emotion Speech Dataset/0007/Neutral/0007_000217.wav,ESD
data/external/esd_processed/neutral/esd_neutral_0468.wav,neutral,Emotion Speech Dataset/0007/Neutral/0007_000231.wav,ESD
data/external/esd_processed/neutral/esd_neutral_0469.wav,neutral,Emotion Speech Dataset/0008/Neutral/0008_000012.wav,ESD
data/external/esd_processed/neutral/esd_neutral_0470.wav,neutral,Emotion Speech Dataset/0008/Neutral/0008_000024.wav,ESD
data/external/esd_processed/neutral/esd_neutral_0471.wav,neutral,Emotion Speech Dataset/0008/Neutral/0008_000091.wav,ESD
data/external/esd_processed/neutral/esd_neutral_0472.wav,neutral,Emotion Speech Dataset/0008/Neutral/0008_000093.wav,ESD
data/external/esd_processed/neutral/esd_neutral_0473.wav,neutral,Emotion Speech Dataset/0008/Neutral/0008_000145.wav,ESD
data/external/esd_processed/neutral/esd_neutral_0474.wav,neutral,Emotion Speech Dataset/0008/Neutral/0008_000146.wav,ESD
data/external/esd_processed/neutral/esd_neutral_0475.wav,neutral,Emotion Speech Dataset/0008/Neutral/0008_000186.wav,ESD
data/external/esd_processed/neutral/esd_neutral_0476.wav,neutral,Emotion Speech Dataset/0008/Neutral/0008_000188.wav,ESD
data/external/esd_processed/neutral/esd_neutral_0477.wav,neutral,Emotion Speech Dataset/0008/Neutral/0008_000240.wav,ESD
data/external/esd_processed/neutral/esd_neutral_0478.wav,neutral,Emotion Speech Dataset/0008/Neutral/0008_000327.wav,ESD
data/external/esd_processed/neutral/esd_neutral_0479.wav,neutral,Emotion Speech Dataset/0008/Neutral/0008_000346.wav,ESD
data/external/esd_processed/neutral/esd_neutral_0480.wav,neutral,Emotion Speech Dataset/0009/Neutral/0009_000009.wav,ESD
data/external/esd_processed/neutral/esd_neutral_0481.wav,neutral,Emotion Speech Dataset/0009/Neutral/0009_000035.wav,ESD
data/external/esd_processed/neutral/esd_neutral_0482.wav,neutral,Emotion Speech Dataset/0009/Neutral/0009_000089.wav,ESD
data/external/esd_processed/neutral/esd_neutral_0483.wav,neutral,Emotion Speech Dataset/0009/Neutral/0009_000136.wav,ESD
data/external/esd_processed/neutral/esd_neutral_0484.wav,neutral,Emotion Speech Dataset/0009/Neutral/0009_000139.wav,ESD
data/external/esd_processed/neutral/esd_neutral_0485.wav,neutral,Emotion Speech Dataset/0009/Neutral/0009_000143.wav,ESD
data/external/esd_processed/neutral/esd_neutral_0486.wav,neutral,Emotion Speech Dataset/0009/Neutral/0009_000187.wav,ESD
data/external/esd_processed/neutral/esd_neutral_0487.wav,neutral,Emotion Speech Dataset/0009/Neutral/0009_000221.wav,ESD
data/external/esd_processed/neutral/esd_neutral_0488.wav,neutral,Emotion Speech Dataset/0009/Neutral/0009_000264.wav,ESD
data/external/esd_processed/neutral/esd_neutral_0489.wav,neutral,Emotion Speech Dataset/0009/Neutral/0009_000292.wav,ESD
data/external/esd_processed/neutral/esd_neutral_0490.wav,neutral,Emotion Speech Dataset/0009/Neutral/0009_000297.wav,ESD
data/external/esd_processed/neutral/esd_neutral_0491.wav,neutral,Emotion Speech Dataset/0009/Neutral/0009_000317.wav,ESD
data/external/esd_processed/neutral/esd_neutral_0492.wav,neutral,Emotion Speech Dataset/0010/Neutral/0010_000038.wav,ESD
data/external/esd_processed/neutral/esd_neutral_0493.wav,neutral,Emotion Speech Dataset/0010/Neutral/0010_000056.wav,ESD
data/external/esd_processed/neutral/esd_neutral_0494.wav,neutral,Emotion Speech Dataset/0010/Neutral/0010_000066.wav,ESD
data/external/esd_processed/neutral/esd_neutral_0495.wav,neutral,Emotion Speech Dataset/0010/Neutral/0010_000081.wav,ESD
data/external/esd_processed/neutral/esd_neutral_0496.wav,neutral,Emotion Speech Dataset/0010/Neutral/0010_000151.wav,ESD
data/external/esd_processed/neutral/esd_neutral_0497.wav,neutral,Emotion Speech Dataset/0010/Neutral/0010_000205.wav,ESD
data/external/esd_processed/neutral/esd_neutral_0498.wav,neutral,Emotion Speech Dataset/0010/Neutral/0010_000209.wav,ESD
data/external/esd_processed/neutral/esd_neutral_0499.wav,neutral,Emotion Speech Dataset/0010/Neutral/0010_000259.wav,ESD
data/external/esd_processed/neutral/esd_neutral_0500.wav,neutral,Emotion Speech Dataset/0011/Neutral/0011_000066.wav,ESD
data/external/esd_processed/neutral/esd_neutral_0501.wav,neutral,Emotion Speech Dataset/0011/Neutral/0011_000211.wav,ESD
data/external/esd_processed/neutral/esd_neutral_0502.wav,neutral,Emotion Speech Dataset/0011/Neutral/0011_000222.wav,ESD
data/external/esd_processed/neutral/esd_neutral_0503.wav,neutral,Emotion Speech Dataset/0011/Neutral/0011_000271.wav,ESD
data/external/esd_processed/neutral/esd_neutral_0504.wav,neutral,Emotion Speech Dataset/0011/Neutral/0011_000316.wav,ESD
data/external/esd_processed/neutral/esd_neutral_0505.wav,neutral,Emotion Speech Dataset/0012/Neutral/0012_000095.wav,ESD
data/external/esd_processed/neutral/esd_neutral_0506.wav,neutral,Emotion Speech Dataset/0012/Neutral/0012_000114.wav,ESD
data/external/esd_processed/neutral/esd_neutral_0507.wav,neutral,Emotion Speech Dataset/0012/Neutral/0012_000117.wav,ESD
data/external/esd_processed/neutral/esd_neutral_0508.wav,neutral,Emotion Speech Dataset/0012/Neutral/0012_000127.wav,ESD
data/external/esd_processed/neutral/esd_neutral_0509.wav,neutral,Emotion Speech Dataset/0012/Neutral/0012_000162.wav,ESD
data/external/esd_processed/neutral/esd_neutral_0510.wav,neutral,Emotion Speech Dataset/0012/Neutral/0012_000282.wav,ESD
data/external/esd_processed/neutral/esd_neutral_0511.wav,neutral,Emotion Speech Dataset/0012/Neutral/0012_000289.wav,ESD
data/external/esd_processed/neutral/esd_neutral_0512.wav,neutral,Emotion Speech Dataset/0012/Neutral/0012_000302.wav,ESD
data/external/esd_processed/neutral/esd_neutral_0513.wav,neutral,Emotion Speech Dataset/0012/Neutral/0012_000321.wav,ESD
data/external/esd_processed/neutral/esd_neutral_0514.wav,neutral,Emotion Speech Dataset/0012/Neutral/0012_000328.wav,ESD
data/external/esd_processed/neutral/esd_neutral_0515.wav,neutral,Emotion Speech Dataset/0012/Neutral/0012_000347.wav,ESD
data/external/esd_processed/neutral/esd_neutral_0516.wav,neutral,Emotion Speech Dataset/0013/Neutral/0013_000016.wav,ESD
data/external/esd_processed/neutral/esd_neutral_0517.wav,neutral,Emotion Speech Dataset/0013/Neutral/0013_000022.wav,ESD
data/external/esd_processed/neutral/esd_neutral_0518.wav,neutral,Emotion Speech Dataset/0013/Neutral/0013_000031.wav,ESD
data/external/esd_processed/neutral/esd_neutral_0519.wav,neutral,Emotion Speech Dataset/0013/Neutral/0013_000066.wav,ESD
data/external/esd_processed/neutral/esd_neutral_0520.wav,neutral,Emotion Speech Dataset/0013/Neutral/0013_000072.wav,ESD
data/external/esd_processed/neutral/esd_neutral_0521.wav,neutral,Emotion Speech Dataset/0013/Neutral/0013_000082.wav,ESD
data/external/esd_processed/neutral/esd_neutral_0522.wav,neutral,Emotion Speech Dataset/0013/Neutral/0013_000180.wav,ESD
data/external/esd_processed/neutral/esd_neutral_0523.wav,neutral,Emotion Speech Dataset/0013/Neutral/0013_000191.wav,ESD
data/external/esd_processed/neutral/esd_neutral_0524.wav,neutral,Emotion Speech Dataset/0013/Neutral/0013_000220.wav,ESD
data/external/esd_processed/neutral/esd_neutral_0525.wav,neutral,Emotion Speech Dataset/0013/Neutral/0013_000240.wav,ESD
data/external/esd_processed/neutral/esd_neutral_0526.wav,neutral,Emotion Speech Dataset/0013/Neutral/0013_000259.wav,ESD
data/external/esd_processed/neutral/esd_neutral_0527.wav,neutral,Emotion Speech Dataset/0013/Neutral/0013_000260.wav,ESD
data/external/esd_processed/neutral/esd_neutral_0528.wav,neutral,Emotion Speech Dataset/0013/Neutral/0013_000271.wav,ESD
data/external/esd_processed/neutral/esd_neutral_0529.wav,neutral,Emotion Speech Dataset/0013/Neutral/0013_000313.wav,ESD
data/external/esd_processed/neutral/esd_neutral_0530.wav,neutral,Emotion Speech Dataset/0014/Neutral/0014_000027.wav,ESD
data/external/esd_processed/neutral/esd_neutral_0531.wav,neutral,Emotion Speech Dataset/0014/Neutral/0014_000049.wav,ESD
data/external/esd_processed/neutral/esd_neutral_0532.wav,neutral,Emotion Speech Dataset/0014/Neutral/0014_000076.wav,ESD
data/external/esd_processed/neutral/esd_neutral_0533.wav,neutral,Emotion Speech Dataset/0014/Neutral/0014_000095.wav,ESD
data/external/esd_processed/neutral/esd_neutral_0534.wav,neutral,Emotion Speech Dataset/0014/Neutral/0014_000096.wav,ESD
data/external/esd_processed/neutral/esd_neutral_0535.wav,neutral,Emotion Speech Dataset/0014/Neutral/0014_000173.wav,ESD
data/external/esd_processed/neutral/esd_neutral_0536.wav,neutral,Emotion Speech Dataset/0014/Neutral/0014_000189.wav,ESD
data/external/esd_processed/neutral/esd_neutral_0537.wav,neutral,Emotion Speech Dataset/0014/Neutral/0014_000219.wav,ESD
data/external/esd_processed/neutral/esd_neutral_0538.wav,neutral,Emotion Speech Dataset/0014/Neutral/0014_000224.wav,ESD
data/external/esd_processed/neutral/esd_neutral_0539.wav,neutral,Emotion Speech Dataset/0014/Neutral/0014_000242.wav,ESD
data/external/esd_processed/neutral/esd_neutral_0540.wav,neutral,Emotion Speech Dataset/0014/Neutral/0014_000248.wav,ESD
data/external/esd_processed/neutral/esd_neutral_0541.wav,neutral,Emotion Speech Dataset/0014/Neutral/0014_000284.wav,ESD
data/external/esd_processed/neutral/esd_neutral_0542.wav,neutral,Emotion Speech Dataset/0014/Neutral/0014_000304.wav,ESD
data/external/esd_processed/neutral/esd_neutral_0543.wav,neutral,Emotion Speech Dataset/0014/Neutral/0014_000347.wav,ESD
data/external/esd_processed/neutral/esd_neutral_0544.wav,neutral,Emotion Speech Dataset/0015/Neutral/0015_000037.wav,ESD
data/external/esd_processed/neutral/esd_neutral_0545.wav,neutral,Emotion Speech Dataset/0015/Neutral/0015_000105.wav,ESD
data/external/esd_processed/neutral/esd_neutral_0546.wav,neutral,Emotion Speech Dataset/0015/Neutral/0015_000107.wav,ESD
data/external/esd_processed/neutral/esd_neutral_0547.wav,neutral,Emotion Speech Dataset/0015/Neutral/0015_000147.wav,ESD
data/external/esd_processed/neutral/esd_neutral_0548.wav,neutral,Emotion Speech Dataset/0015/Neutral/0015_000168.wav,ESD
data/external/esd_processed/neutral/esd_neutral_0549.wav,neutral,Emotion Speech Dataset/0015/Neutral/0015_000175.wav,ESD
data/external/esd_processed/neutral/esd_neutral_0550.wav,neutral,Emotion Speech Dataset/0015/Neutral/0015_000214.wav,ESD
data/external/esd_processed/neutral/esd_neutral_0551.wav,neutral,Emotion Speech Dataset/0015/Neutral/0015_000339.wav,ESD
data/external/esd_processed/neutral/esd_neutral_0552.wav,neutral,Emotion Speech Dataset/0016/Neutral/0016_000014.wav,ESD
data/external/esd_processed/neutral/esd_neutral_0553.wav,neutral,Emotion Speech Dataset/0016/Neutral/0016_000032.wav,ESD
data/external/esd_processed/neutral/esd_neutral_0554.wav,neutral,Emotion Speech Dataset/0016/Neutral/0016_000055.wav,ESD
data/external/esd_processed/neutral/esd_neutral_0555.wav,neutral,Emotion Speech Dataset/0016/Neutral/0016_000096.wav,ESD
data/external/esd_processed/neutral/esd_neutral_0556.wav,neutral,Emotion Speech Dataset/0016/Neutral/0016_000122.wav,ESD
data/external/esd_processed/neutral/esd_neutral_0557.wav,neutral,Emotion Speech Dataset/0016/Neutral/0016_000126.wav,ESD
data/external/esd_processed/neutral/esd_neutral_0558.wav,neutral,Emotion Speech Dataset/0016/Neutral/0016_000157.wav,ESD
data/external/esd_processed/neutral/esd_neutral_0559.wav,neutral,Emotion Speech Dataset/0016/Neutral/0016_000162.wav,ESD
data/external/esd_processed/neutral/esd_neutral_0560.wav,neutral,Emotion Speech Dataset/0016/Neutral/0016_000276.wav,ESD
data/external/esd_processed/neutral/esd_neutral_0561.wav,neutral,Emotion Speech Dataset/0016/Neutral/0016_000316.wav,ESD
data/external/esd_processed/neutral/esd_neutral_0562.wav,neutral,Emotion Speech Dataset/0016/Neutral/0016_000337.wav,ESD
data/external/esd_processed/neutral/esd_neutral_0563.wav,neutral,Emotion Speech Dataset/0017/Neutral/0017_000078.wav,ESD
data/external/esd_processed/neutral/esd_neutral_0564.wav,neutral,Emotion Speech Dataset/0017/Neutral/0017_000096.wav,ESD
data/external/esd_processed/neutral/esd_neutral_0565.wav,neutral,Emotion Speech Dataset/0017/Neutral/0017_000097.wav,ESD
data/external/esd_processed/neutral/esd_neutral_0566.wav,neutral,Emotion Speech Dataset/0017/Neutral/0017_000099.wav,ESD
data/external/esd_processed/neutral/esd_neutral_0567.wav,neutral,Emotion Speech Dataset/0017/Neutral/0017_000173.wav,ESD
data/external/esd_processed/neutral/esd_neutral_0568.wav,neutral,Emotion Speech Dataset/0017/Neutral/0017_000179.wav,ESD
data/external/esd_processed/neutral/esd_neutral_0569.wav,neutral,Emotion Speech Dataset/0017/Neutral/0017_000205.wav,ESD
data/external/esd_processed/neutral/esd_neutral_0570.wav,neutral,Emotion Speech Dataset/0017/Neutral/0017_000210.wav,ESD
data/external/esd_processed/neutral/esd_neutral_0571.wav,neutral,Emotion Speech Dataset/0017/Neutral/0017_000223.wav,ESD
data/external/esd_processed/neutral/esd_neutral_0572.wav,neutral,Emotion Speech Dataset/0017/Neutral/0017_000232.wav,ESD
data/external/esd_processed/neutral/esd_neutral_0573.wav,neutral,Emotion Speech Dataset/0017/Neutral/0017_000323.wav,ESD
data/external/esd_processed/neutral/esd_neutral_0574.wav,neutral,Emotion Speech Dataset/0018/Neutral/0018_000003.wav,ESD
data/external/esd_processed/neutral/esd_neutral_0575.wav,neutral,Emotion Speech Dataset/0018/Neutral/0018_000017.wav,ESD
data/external/esd_processed/neutral/esd_neutral_0576.wav,neutral,Emotion Speech Dataset/0018/Neutral/0018_000052.wav,ESD
data/external/esd_processed/neutral/esd_neutral_0577.wav,neutral,Emotion Speech Dataset/0018/Neutral/0018_000092.wav,ESD
data/external/esd_processed/neutral/esd_neutral_0578.wav,neutral,Emotion Speech Dataset/0018/Neutral/0018_000094.wav,ESD
data/external/esd_processed/neutral/esd_neutral_0579.wav,neutral,Emotion Speech Dataset/0018/Neutral/0018_000117.wav,ESD
data/external/esd_processed/neutral/esd_neutral_0580.wav,neutral,Emotion Speech Dataset/0018/Neutral/0018_000126.wav,ESD
data/external/esd_processed/neutral/esd_neutral_0581.wav,neutral,Emotion Speech Dataset/0018/Neutral/0018_000148.wav,ESD
data/external/esd_processed/neutral/esd_neutral_0582.wav,neutral,Emotion Speech Dataset/0018/Neutral/0018_000205.wav,ESD
data/external/esd_processed/neutral/esd_neutral_0583.wav,neutral,Emotion Speech Dataset/0018/Neutral/0018_000237.wav,ESD
data/external/esd_processed/neutral/esd_neutral_0584.wav,neutral,Emotion Speech Dataset/0018/Neutral/0018_000285.wav,ESD
data/external/esd_processed/neutral/esd_neutral_0585.wav,neutral,Emotion Speech Dataset/0018/Neutral/0018_000297.wav,ESD
data/external/esd_processed/neutral/esd_neutral_0586.wav,neutral,Emotion Speech Dataset/0018/Neutral/0018_000324.wav,ESD
data/external/esd_processed/neutral/esd_neutral_0587.wav,neutral,Emotion Speech Dataset/0019/Neutral/0019_000011.wav,ESD
data/external/esd_processed/neutral/esd_neutral_0588.wav,neutral,Emotion Speech Dataset/0019/Neutral/0019_000043.wav,ESD
data/external/esd_processed/neutral/esd_neutral_0589.wav,neutral,Emotion Speech Dataset/0019/Neutral/0019_000175.wav,ESD
data/external/esd_processed/neutral/esd_neutral_0590.wav,neutral,Emotion Speech Dataset/0019/Neutral/0019_000180.wav,ESD
data/external/esd_processed/neutral/esd_neutral_0591.wav,neutral,Emotion Speech Dataset/0019/Neutral/0019_000244.wav,ESD
data/external/esd_processed/neutral/esd_neutral_0592.wav,neutral,Emotion Speech Dataset/0019/Neutral/0019_000256.wav,ESD
data/external/esd_processed/neutral/esd_neutral_0593.wav,neutral,Emotion Speech Dataset/0020/Neutral/0020_000025.wav,ESD
data/external/esd_processed/neutral/esd_neutral_0594.wav,neutral,Emotion Speech Dataset/0020/Neutral/0020_000084.wav,ESD
data/external/esd_processed/neutral/esd_neutral_0595.wav,neutral,Emotion Speech Dataset/0020/Neutral/0020_000102.wav,ESD
data/external/esd_processed/neutral/esd_neutral_0596.wav,neutral,Emotion Speech Dataset/0020/Neutral/0020_000141.wav,ESD
data/external/esd_processed/neutral/esd_neutral_0597.wav,neutral,Emotion Speech Dataset/0020/Neutral/0020_000196.wav,ESD
data/external/esd_processed/neutral/esd_neutral_0598.wav,neutral,Emotion Speech Dataset/0020/Neutral/0020_000235.wav,ESD
data/external/esd_processed/neutral/esd_neutral_0599.wav,neutral,Emotion Speech Dataset/0020/Neutral/0020_000236.wav,ESD
data/external/esd_processed/neutral/esd_neutral_0600.wav,neutral,Emotion Speech Dataset/0020/Neutral/0020_000333.wav,ESD
data/external/esd_processed/sad/esd_sad_0601.wav,sad,Emotion Speech Dataset/0001/Sad/0001_001054.wav,ESD
data/external/esd_processed/sad/esd_sad_0602.wav,sad,Emotion Speech Dataset/0001/Sad/0001_001147.wav,ESD
data/external/esd_processed/sad/esd_sad_0603.wav,sad,Emotion Speech Dataset/0001/Sad/0001_001214.wav,ESD
data/external/esd_processed/sad/esd_sad_0604.wav,sad,Emotion Speech Dataset/0001/Sad/0001_001288.wav,ESD
data/external/esd_processed/sad/esd_sad_0605.wav,sad,Emotion Speech Dataset/0001/Sad/0001_001302.wav,ESD
data/external/esd_processed/sad/esd_sad_0606.wav,sad,Emotion Speech Dataset/0001/Sad/0001_001319.wav,ESD
data/external/esd_processed/sad/esd_sad_0607.wav,sad,Emotion Speech Dataset/0001/Sad/0001_001329.wav,ESD
data/external/esd_processed/sad/esd_sad_0608.wav,sad,Emotion Speech Dataset/0001/Sad/0001_001337.wav,ESD
data/external/esd_processed/sad/esd_sad_0609.wav,sad,Emotion Speech Dataset/0001/Sad/0001_001340.wav,ESD
data/external/esd_processed/sad/esd_sad_0610.wav,sad,Emotion Speech Dataset/0001/Sad/0001_001345.wav,ESD
data/external/esd_processed/sad/esd_sad_0611.wav,sad,Emotion Speech Dataset/0001/Sad/0001_001353.wav,ESD
data/external/esd_processed/sad/esd_sad_0612.wav,sad,Emotion Speech Dataset/0001/Sad/0001_001369.wav,ESD
data/external/esd_processed/sad/esd_sad_0613.wav,sad,Emotion Speech Dataset/0001/Sad/0001_001386.wav,ESD
data/external/esd_processed/sad/esd_sad_0614.wav,sad,Emotion Speech Dataset/0002/Sad/0002_001114.wav,ESD
data/external/esd_processed/sad/esd_sad_0615.wav,sad,Emotion Speech Dataset/0002/Sad/0002_001129.wav,ESD
data/external/esd_processed/sad/esd_sad_0616.wav,sad,Emotion Speech Dataset/0002/Sad/0002_001155.wav,ESD
data/external/esd_processed/sad/esd_sad_0617.wav,sad,Emotion Speech Dataset/0002/Sad/0002_001156.wav,ESD
data/external/esd_processed/sad/esd_sad_0618.wav,sad,Emotion Speech Dataset/0002/Sad/0002_001183.wav,ESD
data/external/esd_processed/sad/esd_sad_0619.wav,sad,Emotion Speech Dataset/0002/Sad/0002_001188.wav,ESD
data/external/esd_processed/sad/esd_sad_0620.wav,sad,Emotion Speech Dataset/0002/Sad/0002_001216.wav,ESD
data/external/esd_processed/sad/esd_sad_0621.wav,sad,Emotion Speech Dataset/0002/Sad/0002_001235.wav,ESD
data/external/esd_processed/sad/esd_sad_0622.wav,sad,Emotion Speech Dataset/0002/Sad/0002_001277.wav,ESD
data/external/esd_processed/sad/esd_sad_0623.wav,sad,Emotion Speech Dataset/0002/Sad/0002_001324.wav,ESD
data/external/esd_processed/sad/esd_sad_0624.wav,sad,Emotion Speech Dataset/0003/Sad/0003_001128.wav,ESD
data/external/esd_processed/sad/esd_sad_0625.wav,sad,Emotion Speech Dataset/0003/Sad/0003_001214.wav,ESD
data/external/esd_processed/sad/esd_sad_0626.wav,sad,Emotion Speech Dataset/0003/Sad/0003_001228.wav,ESD
data/external/esd_processed/sad/esd_sad_0627.wav,sad,Emotion Speech Dataset/0003/Sad/0003_001251.wav,ESD
data/external/esd_processed/sad/esd_sad_0628.wav,sad,Emotion Speech Dataset/0003/Sad/0003_001272.wav,ESD
data/external/esd_processed/sad/esd_sad_0629.wav,sad,Emotion Speech Dataset/0003/Sad/0003_001353.wav,ESD
data/external/esd_processed/sad/esd_sad_0630.wav,sad,Emotion Speech Dataset/0003/Sad/0003_001361.wav,ESD
data/external/esd_processed/sad/esd_sad_0631.wav,sad,Emotion Speech Dataset/0003/Sad/0003_001373.wav,ESD
data/external/esd_processed/sad/esd_sad_0632.wav,sad,Emotion Speech Dataset/0004/Sad/0004_001078.wav,ESD
data/external/esd_processed/sad/esd_sad_0633.wav,sad,Emotion Speech Dataset/0004/Sad/0004_001094.wav,ESD
data/external/esd_processed/sad/esd_sad_0634.wav,sad,Emotion Speech Dataset/0004/Sad/0004_001149.wav,ESD
data/external/esd_processed/sad/esd_sad_0635.wav,sad,Emotion Speech Dataset/0004/Sad/0004_001162.wav,ESD
data/external/esd_processed/sad/esd_sad_0636.wav,sad,Emotion Speech Dataset/0004/Sad/0004_001163.wav,ESD
data/external/esd_processed/sad/esd_sad_0637.wav,sad,Emotion Speech Dataset/0004/Sad/0004_001207.wav,ESD
data/external/esd_processed/sad/esd_sad_0638.wav,sad,Emotion Speech Dataset/0004/Sad/0004_001231.wav,ESD
data/external/esd_processed/sad/esd_sad_0639.wav,sad,Emotion Speech Dataset/0004/Sad/0004_001254.wav,ESD
data/external/esd_processed/sad/esd_sad_0640.wav,sad,Emotion Speech Dataset/0004/Sad/0004_001305.wav,ESD
data/external/esd_processed/sad/esd_sad_0641.wav,sad,Emotion Speech Dataset/0004/Sad/0004_001342.wav,ESD
data/external/esd_processed/sad/esd_sad_0642.wav,sad,Emotion Speech Dataset/0004/Sad/0004_001352.wav,ESD
data/external/esd_processed/sad/esd_sad_0643.wav,sad,Emotion Speech Dataset/0004/Sad/0004_001354.wav,ESD
data/external/esd_processed/sad/esd_sad_0644.wav,sad,Emotion Speech Dataset/0005/Sad/0005_001060.wav,ESD
data/external/esd_processed/sad/esd_sad_0645.wav,sad,Emotion Speech Dataset/0005/Sad/0005_001078.wav,ESD
data/external/esd_processed/sad/esd_sad_0646.wav,sad,Emotion Speech Dataset/0005/Sad/0005_001093.wav,ESD
data/external/esd_processed/sad/esd_sad_0647.wav,sad,Emotion Speech Dataset/0005/Sad/0005_001098.wav,ESD
data/external/esd_processed/sad/esd_sad_0648.wav,sad,Emotion Speech Dataset/0005/Sad/0005_001105.wav,ESD
data/external/esd_processed/sad/esd_sad_0649.wav,sad,Emotion Speech Dataset/0005/Sad/0005_001147.wav,ESD
data/external/esd_processed/sad/esd_sad_0650.wav,sad,Emotion Speech Dataset/0005/Sad/0005_001181.wav,ESD
data/external/esd_processed/sad/esd_sad_0651.wav,sad,Emotion Speech Dataset/0005/Sad/0005_001233.wav,ESD
data/external/esd_processed/sad/esd_sad_0652.wav,sad,Emotion Speech Dataset/0005/Sad/0005_001270.wav,ESD
data/external/esd_processed/sad/esd_sad_0653.wav,sad,Emotion Speech Dataset/0005/Sad/0005_001315.wav,ESD
data/external/esd_processed/sad/esd_sad_0654.wav,sad,Emotion Speech Dataset/0005/Sad/0005_001334.wav,ESD
data/external/esd_processed/sad/esd_sad_0655.wav,sad,Emotion Speech Dataset/0005/Sad/0005_001338.wav,ESD
data/external/esd_processed/sad/esd_sad_0656.wav,sad,Emotion Speech Dataset/0006/Sad/0006_001053.wav,ESD
data/external/esd_processed/sad/esd_sad_0657.wav,sad,Emotion Speech Dataset/0006/Sad/0006_001073.wav,ESD
data/external/esd_processed/sad/esd_sad_0658.wav,sad,Emotion Speech Dataset/0006/Sad/0006_001086.wav,ESD
data/external/esd_processed/sad/esd_sad_0659.wav,sad,Emotion Speech Dataset/0006/Sad/0006_001093.wav,ESD
data/external/esd_processed/sad/esd_sad_0660.wav,sad,Emotion Speech Dataset/0006/Sad/0006_001164.wav,ESD
data/external/esd_processed/sad/esd_sad_0661.wav,sad,Emotion Speech Dataset/0006/Sad/0006_001192.wav,ESD
data/external/esd_processed/sad/esd_sad_0662.wav,sad,Emotion Speech Dataset/0006/Sad/0006_001197.wav,ESD
data/external/esd_processed/sad/esd_sad_0663.wav,sad,Emotion Speech Dataset/0006/Sad/0006_001254.wav,ESD
data/external/esd_processed/sad/esd_sad_0664.wav,sad,Emotion Speech Dataset/0006/Sad/0006_001255.wav,ESD
data/external/esd_processed/sad/esd_sad_0665.wav,sad,Emotion Speech Dataset/0006/Sad/0006_001360.wav,ESD
data/external/esd_processed/sad/esd_sad_0666.wav,sad,Emotion Speech Dataset/0006/Sad/0006_001368.wav,ESD
data/external/esd_processed/sad/esd_sad_0667.wav,sad,Emotion Speech Dataset/0006/Sad/0006_001372.wav,ESD
data/external/esd_processed/sad/esd_sad_0668.wav,sad,Emotion Speech Dataset/0006/Sad/0006_001373.wav,ESD
data/external/esd_processed/sad/esd_sad_0669.wav,sad,Emotion Speech Dataset/0007/Sad/0007_001062.wav,ESD
data/external/esd_processed/sad/esd_sad_0670.wav,sad,Emotion Speech Dataset/0007/Sad/0007_001083.wav,ESD
data/external/esd_processed/sad/esd_sad_0671.wav,sad,Emotion Speech Dataset/0007/Sad/0007_001153.wav,ESD
data/external/esd_processed/sad/esd_sad_0672.wav,sad,Emotion Speech Dataset/0007/Sad/0007_001162.wav,ESD
data/external/esd_processed/sad/esd_sad_0673.wav,sad,Emotion Speech Dataset/0007/Sad/0007_001170.wav,ESD
data/external/esd_processed/sad/esd_sad_0674.wav,sad,Emotion Speech Dataset/0007/Sad/0007_001254.wav,ESD
data/external/esd_processed/sad/esd_sad_0675.wav,sad,Emotion Speech Dataset/0007/Sad/0007_001299.wav,ESD
data/external/esd_processed/sad/esd_sad_0676.wav,sad,Emotion Speech Dataset/0007/Sad/0007_001314.wav,ESD
data/external/esd_processed/sad/esd_sad_0677.wav,sad,Emotion Speech Dataset/0007/Sad/0007_001329.wav,ESD
data/external/esd_processed/sad/esd_sad_0678.wav,sad,Emotion Speech Dataset/0007/Sad/0007_001371.wav,ESD
data/external/esd_processed/sad/esd_sad_0679.wav,sad,Emotion Speech Dataset/0007/Sad/0007_001391.wav,ESD
data/external/esd_processed/sad/esd_sad_0680.wav,sad,Emotion Speech Dataset/0008/Sad/0008_001129.wav,ESD
data/external/esd_processed/sad/esd_sad_0681.wav,sad,Emotion Speech Dataset/0008/Sad/0008_001177.wav,ESD
data/external/esd_processed/sad/esd_sad_0682.wav,sad,Emotion Speech Dataset/0008/Sad/0008_001192.wav,ESD
data/external/esd_processed/sad/esd_sad_0683.wav,sad,Emotion Speech Dataset/0008/Sad/0008_001196.wav,ESD
data/external/esd_processed/sad/esd_sad_0684.wav,sad,Emotion Speech Dataset/0008/Sad/0008_001291.wav,ESD
data/external/esd_processed/sad/esd_sad_0685.wav,sad,Emotion Speech Dataset/0008/Sad/0008_001324.wav,ESD
data/external/esd_processed/sad/esd_sad_0686.wav,sad,Emotion Speech Dataset/0008/Sad/0008_001338.wav,ESD
data/external/esd_processed/sad/esd_sad_0687.wav,sad,Emotion Speech Dataset/0008/Sad/0008_001366.wav,ESD
data/external/esd_processed/sad/esd_sad_0688.wav,sad,Emotion Speech Dataset/0009/Sad/0009_001110.wav,ESD
data/external/esd_processed/sad/esd_sad_0689.wav,sad,Emotion Speech Dataset/0009/Sad/0009_001131.wav,ESD
data/external/esd_processed/sad/esd_sad_0690.wav,sad,Emotion Speech Dataset/0009/Sad/0009_001178.wav,ESD
data/external/esd_processed/sad/esd_sad_0691.wav,sad,Emotion Speech Dataset/0009/Sad/0009_001192.wav,ESD
data/external/esd_processed/sad/esd_sad_0692.wav,sad,Emotion Speech Dataset/0009/Sad/0009_001214.wav,ESD
data/external/esd_processed/sad/esd_sad_0693.wav,sad,Emotion Speech Dataset/0009/Sad/0009_001247.wav,ESD
data/external/esd_processed/sad/esd_sad_0694.wav,sad,Emotion Speech Dataset/0009/Sad/0009_001264.wav,ESD
data/external/esd_processed/sad/esd_sad_0695.wav,sad,Emotion Speech Dataset/0009/Sad/0009_001284.wav,ESD
data/external/esd_processed/sad/esd_sad_0696.wav,sad,Emotion Speech Dataset/0009/Sad/0009_001353.wav,ESD
data/external/esd_processed/sad/esd_sad_0697.wav,sad,Emotion Speech Dataset/0009/Sad/0009_001384.wav,ESD
data/external/esd_processed/sad/esd_sad_0698.wav,sad,Emotion Speech Dataset/0010/Sad/0010_001051.wav,ESD
data/external/esd_processed/sad/esd_sad_0699.wav,sad,Emotion Speech Dataset/0010/Sad/0010_001145.wav,ESD
data/external/esd_processed/sad/esd_sad_0700.wav,sad,Emotion Speech Dataset/0010/Sad/0010_001186.wav,ESD
data/external/esd_processed/sad/esd_sad_0701.wav,sad,Emotion Speech Dataset/0010/Sad/0010_001392.wav,ESD
data/external/esd_processed/sad/esd_sad_0702.wav,sad,Emotion Speech Dataset/0011/Sad/0011_001143.wav,ESD
data/external/esd_processed/sad/esd_sad_0703.wav,sad,Emotion Speech Dataset/0011/Sad/0011_001160.wav,ESD
data/external/esd_processed/sad/esd_sad_0704.wav,sad,Emotion Speech Dataset/0011/Sad/0011_001168.wav,ESD
data/external/esd_processed/sad/esd_sad_0705.wav,sad,Emotion Speech Dataset/0011/Sad/0011_001233.wav,ESD
data/external/esd_processed/sad/esd_sad_0706.wav,sad,Emotion Speech Dataset/0011/Sad/0011_001265.wav,ESD
data/external/esd_processed/sad/esd_sad_0707.wav,sad,Emotion Speech Dataset/0011/Sad/0011_001276.wav,ESD
data/external/esd_processed/sad/esd_sad_0708.wav,sad,Emotion Speech Dataset/0011/Sad/0011_001293.wav,ESD
data/external/esd_processed/sad/esd_sad_0709.wav,sad,Emotion Speech Dataset/0011/Sad/0011_001344.wav,ESD
data/external/esd_processed/sad/esd_sad_0710.wav,sad,Emotion Speech Dataset/0011/Sad/0011_001372.wav,ESD
data/external/esd_processed/sad/esd_sad_0711.wav,sad,Emotion Speech Dataset/0011/Sad/0011_001373.wav,ESD
data/external/esd_processed/sad/esd_sad_0712.wav,sad,Emotion Speech Dataset/0012/Sad/0012_001159.wav,ESD
data/external/esd_processed/sad/esd_sad_0713.wav,sad,Emotion Speech Dataset/0012/Sad/0012_001169.wav,ESD
data/external/esd_processed/sad/esd_sad_0714.wav,sad,Emotion Speech Dataset/0012/Sad/0012_001180.wav,ESD
data/external/esd_processed/sad/esd_sad_0715.wav,sad,Emotion Speech Dataset/0012/Sad/0012_001230.wav,ESD
data/external/esd_processed/sad/esd_sad_0716.wav,sad,Emotion Speech Dataset/0012/Sad/0012_001245.wav,ESD
data/external/esd_processed/sad/esd_sad_0717.wav,sad,Emotion Speech Dataset/0012/Sad/0012_001270.wav,ESD
data/external/esd_processed/sad/esd_sad_0718.wav,sad,Emotion Speech Dataset/0012/Sad/0012_001336.wav,ESD
data/external/esd_processed/sad/esd_sad_0719.wav,sad,Emotion Speech Dataset/0012/Sad/0012_001369.wav,ESD
data/external/esd_processed/sad/esd_sad_0720.wav,sad,Emotion Speech Dataset/0012/Sad/0012_001394.wav,ESD
data/external/esd_processed/sad/esd_sad_0721.wav,sad,Emotion Speech Dataset/0012/Sad/0012_001395.wav,ESD
data/external/esd_processed/sad/esd_sad_0722.wav,sad,Emotion Speech Dataset/0012/Sad/0012_001400.wav,ESD
data/external/esd_processed/sad/esd_sad_0723.wav,sad,Emotion Speech Dataset/0013/Sad/0013_001097.wav,ESD
data/external/esd_processed/sad/esd_sad_0724.wav,sad,Emotion Speech Dataset/0013/Sad/0013_001115.wav,ESD
data/external/esd_processed/sad/esd_sad_0725.wav,sad,Emotion Speech Dataset/0013/Sad/0013_001122.wav,ESD
data/external/esd_processed/sad/esd_sad_0726.wav,sad,Emotion Speech Dataset/0013/Sad/0013_001127.wav,ESD
data/external/esd_processed/sad/esd_sad_0727.wav,sad,Emotion Speech Dataset/0013/Sad/0013_001137.wav,ESD
data/external/esd_processed/sad/esd_sad_0728.wav,sad,Emotion Speech Dataset/0013/Sad/0013_001164.wav,ESD
data/external/esd_processed/sad/esd_sad_0729.wav,sad,Emotion Speech Dataset/0013/Sad/0013_001261.wav,ESD
data/external/esd_processed/sad/esd_sad_0730.wav,sad,Emotion Speech Dataset/0013/Sad/0013_001296.wav,ESD
data/external/esd_processed/sad/esd_sad_0731.wav,sad,Emotion Speech Dataset/0013/Sad/0013_001307.wav,ESD
data/external/esd_processed/sad/esd_sad_0732.wav,sad,Emotion Speech Dataset/0013/Sad/0013_001348.wav,ESD
data/external/esd_processed/sad/esd_sad_0733.wav,sad,Emotion Speech Dataset/0013/Sad/0013_001379.wav,ESD
data/external/esd_processed/sad/esd_sad_0734.wav,sad,Emotion Speech Dataset/0013/Sad/0013_001394.wav,ESD
data/external/esd_processed/sad/esd_sad_0735.wav,sad,Emotion Speech Dataset/0014/Sad/0014_001076.wav,ESD
data/external/esd_processed/sad/esd_sad_0736.wav,sad,Emotion Speech Dataset/0014/Sad/0014_001116.wav,ESD
data/external/esd_processed/sad/esd_sad_0737.wav,sad,Emotion Speech Dataset/0014/Sad/0014_001146.wav,ESD
data/external/esd_processed/sad/esd_sad_0738.wav,sad,Emotion Speech Dataset/0014/Sad/0014_001160.wav,ESD
data/external/esd_processed/sad/esd_sad_0739.wav,sad,Emotion Speech Dataset/0014/Sad/0014_001178.wav,ESD
data/external/esd_processed/sad/esd_sad_0740.wav,sad,Emotion Speech Dataset/0014/Sad/0014_001200.wav,ESD
data/external/esd_processed/sad/esd_sad_0741.wav,sad,Emotion Speech Dataset/0014/Sad/0014_001256.wav,ESD
data/external/esd_processed/sad/esd_sad_0742.wav,sad,Emotion Speech Dataset/0014/Sad/0014_001316.wav,ESD
data/external/esd_processed/sad/esd_sad_0743.wav,sad,Emotion Speech Dataset/0014/Sad/0014_001352.wav,ESD
data/external/esd_processed/sad/esd_sad_0744.wav,sad,Emotion Speech Dataset/0015/Sad/0015_001057.wav,ESD
data/external/esd_processed/sad/esd_sad_0745.wav,sad,Emotion Speech Dataset/0015/Sad/0015_001092.wav,ESD
data/external/esd_processed/sad/esd_sad_0746.wav,sad,Emotion Speech Dataset/0015/Sad/0015_001105.wav,ESD
data/external/esd_processed/sad/esd_sad_0747.wav,sad,Emotion Speech Dataset/0015/Sad/0015_001139.wav,ESD
data/external/esd_processed/sad/esd_sad_0748.wav,sad,Emotion Speech Dataset/0015/Sad/0015_001147.wav,ESD
data/external/esd_processed/sad/esd_sad_0749.wav,sad,Emotion Speech Dataset/0015/Sad/0015_001181.wav,ESD
data/external/esd_processed/sad/esd_sad_0750.wav,sad,Emotion Speech Dataset/0015/Sad/0015_001301.wav,ESD
data/external/esd_processed/sad/esd_sad_0751.wav,sad,Emotion Speech Dataset/0015/Sad/0015_001389.wav,ESD
data/external/esd_processed/sad/esd_sad_0752.wav,sad,Emotion Speech Dataset/0016/Sad/0016_001056.wav,ESD
data/external/esd_processed/sad/esd_sad_0753.wav,sad,Emotion Speech Dataset/0016/Sad/0016_001067.wav,ESD
data/external/esd_processed/sad/esd_sad_0754.wav,sad,Emotion Speech Dataset/0016/Sad/0016_001073.wav,ESD
data/external/esd_processed/sad/esd_sad_0755.wav,sad,Emotion Speech Dataset/0016/Sad/0016_001095.wav,ESD
data/external/esd_processed/sad/esd_sad_0756.wav,sad,Emotion Speech Dataset/0016/Sad/0016_001181.wav,ESD
data/external/esd_processed/sad/esd_sad_0757.wav,sad,Emotion Speech Dataset/0016/Sad/0016_001198.wav,ESD
data/external/esd_processed/sad/esd_sad_0758.wav,sad,Emotion Speech Dataset/0016/Sad/0016_001203.wav,ESD
data/external/esd_processed/sad/esd_sad_0759.wav,sad,Emotion Speech Dataset/0016/Sad/0016_001273.wav,ESD
data/external/esd_processed/sad/esd_sad_0760.wav,sad,Emotion Speech Dataset/0016/Sad/0016_001309.wav,ESD
data/external/esd_processed/sad/esd_sad_0761.wav,sad,Emotion Speech Dataset/0016/Sad/0016_001332.wav,ESD
data/external/esd_processed/sad/esd_sad_0762.wav,sad,Emotion Speech Dataset/0016/Sad/0016_001334.wav,ESD
data/external/esd_processed/sad/esd_sad_0763.wav,sad,Emotion Speech Dataset/0016/Sad/0016_001345.wav,ESD
data/external/esd_processed/sad/esd_sad_0764.wav,sad,Emotion Speech Dataset/0017/Sad/0017_001056.wav,ESD
data/external/esd_processed/sad/esd_sad_0765.wav,sad,Emotion Speech Dataset/0017/Sad/0017_001217.wav,ESD
data/external/esd_processed/sad/esd_sad_0766.wav,sad,Emotion Speech Dataset/0017/Sad/0017_001386.wav,ESD
data/external/esd_processed/sad/esd_sad_0767.wav,sad,Emotion Speech Dataset/0018/Sad/0018_001077.wav,ESD
data/external/esd_processed/sad/esd_sad_0768.wav,sad,Emotion Speech Dataset/0018/Sad/0018_001092.wav,ESD
data/external/esd_processed/sad/esd_sad_0769.wav,sad,Emotion Speech Dataset/0018/Sad/0018_001132.wav,ESD
data/external/esd_processed/sad/esd_sad_0770.wav,sad,Emotion Speech Dataset/0018/Sad/0018_001176.wav,ESD
data/external/esd_processed/sad/esd_sad_0771.wav,sad,Emotion Speech Dataset/0018/Sad/0018_001234.wav,ESD
data/external/esd_processed/sad/esd_sad_0772.wav,sad,Emotion Speech Dataset/0018/Sad/0018_001247.wav,ESD
data/external/esd_processed/sad/esd_sad_0773.wav,sad,Emotion Speech Dataset/0018/Sad/0018_001264.wav,ESD
data/external/esd_processed/sad/esd_sad_0774.wav,sad,Emotion Speech Dataset/0018/Sad/0018_001336.wav,ESD
data/external/esd_processed/sad/esd_sad_0775.wav,sad,Emotion Speech Dataset/0019/Sad/0019_001089.wav,ESD
data/external/esd_processed/sad/esd_sad_0776.wav,sad,Emotion Speech Dataset/0019/Sad/0019_001171.wav,ESD
data/external/esd_processed/sad/esd_sad_0777.wav,sad,Emotion Speech Dataset/0019/Sad/0019_001187.wav,ESD
data/external/esd_processed/sad/esd_sad_0778.wav,sad,Emotion Speech Dataset/0019/Sad/0019_001213.wav,ESD
data/external/esd_processed/sad/esd_sad_0779.wav,sad,Emotion Speech Dataset/0019/Sad/0019_001243.wav,ESD
data/external/esd_processed/sad/esd_sad_0780.wav,sad,Emotion Speech Dataset/0019/Sad/0019_001248.wav,ESD
data/external/esd_processed/sad/esd_sad_0781.wav,sad,Emotion Speech Dataset/0019/Sad/0019_001289.wav,ESD
data/external/esd_processed/sad/esd_sad_0782.wav,sad,Emotion Speech Dataset/0019/Sad/0019_001291.wav,ESD
data/external/esd_processed/sad/esd_sad_0783.wav,sad,Emotion Speech Dataset/0019/Sad/0019_001298.wav,ESD
data/external/esd_processed/sad/esd_sad_0784.wav,sad,Emotion Speech Dataset/0019/Sad/0019_001309.wav,ESD
data/external/esd_processed/sad/esd_sad_0785.wav,sad,Emotion Speech Dataset/0019/Sad/0019_001334.wav,ESD
data/external/esd_processed/sad/esd_sad_0786.wav,sad,Emotion Speech Dataset/0019/Sad/0019_001342.wav,ESD
data/external/esd_processed/sad/esd_sad_0787.wav,sad,Emotion Speech Dataset/0019/Sad/0019_001356.wav,ESD
data/external/esd_processed/sad/esd_sad_0788.wav,sad,Emotion Speech Dataset/0019/Sad/0019_001359.wav,ESD
data/external/esd_processed/sad/esd_sad_0789.wav,sad,Emotion Speech Dataset/0019/Sad/0019_001373.wav,ESD
data/external/esd_processed/sad/esd_sad_0790.wav,sad,Emotion Speech Dataset/0020/Sad/0020_001093.wav,ESD
data/external/esd_processed/sad/esd_sad_0791.wav,sad,Emotion Speech Dataset/0020/Sad/0020_001113.wav,ESD
data/external/esd_processed/sad/esd_sad_0792.wav,sad,Emotion Speech Dataset/0020/Sad/0020_001120.wav,ESD
data/external/esd_processed/sad/esd_sad_0793.wav,sad,Emotion Speech Dataset/0020/Sad/0020_001128.wav,ESD
data/external/esd_processed/sad/esd_sad_0794.wav,sad,Emotion Speech Dataset/0020/Sad/0020_001150.wav,ESD
data/external/esd_processed/sad/esd_sad_0795.wav,sad,Emotion Speech Dataset/0020/Sad/0020_001191.wav,ESD
data/external/esd_processed/sad/esd_sad_0796.wav,sad,Emotion Speech Dataset/0020/Sad/0020_001254.wav,ESD
data/external/esd_processed/sad/esd_sad_0797.wav,sad,Emotion Speech Dataset/0020/Sad/0020_001262.wav,ESD
data/external/esd_processed/sad/esd_sad_0798.wav,sad,Emotion Speech Dataset/0020/Sad/0020_001364.wav,ESD
data/external/esd_processed/sad/esd_sad_0799.wav,sad,Emotion Speech Dataset/0020/Sad/0020_001367.wav,ESD
data/external/esd_processed/sad/esd_sad_0800.wav,sad,Emotion Speech Dataset/0020/Sad/0020_001378.wav,ESD
data/external/esd_processed/surprised/esd_surprised_0801.wav,surprised,Emotion Speech Dataset/0001/Surprise/0001_001436.wav,ESD
data/external/esd_processed/surprised/esd_surprised_0802.wav,surprised,Emotion Speech Dataset/0001/Surprise/0001_001563.wav,ESD
data/external/esd_processed/surprised/esd_surprised_0803.wav,surprised,Emotion Speech Dataset/0001/Surprise/0001_001571.wav,ESD
data/external/esd_processed/surprised/esd_surprised_0804.wav,surprised,Emotion Speech Dataset/0001/Surprise/0001_001585.wav,ESD
data/external/esd_processed/surprised/esd_surprised_0805.wav,surprised,Emotion Speech Dataset/0001/Surprise/0001_001589.wav,ESD
data/external/esd_processed/surprised/esd_surprised_0806.wav,surprised,Emotion Speech Dataset/0001/Surprise/0001_001639.wav,ESD
data/external/esd_processed/surprised/esd_surprised_0807.wav,surprised,Emotion Speech Dataset/0001/Surprise/0001_001713.wav,ESD
data/external/esd_processed/surprised/esd_surprised_0808.wav,surprised,Emotion Speech Dataset/0001/Surprise/0001_001744.wav,ESD
data/external/esd_processed/surprised/esd_surprised_0809.wav,surprised,Emotion Speech Dataset/0002/Surprise/0002_001413.wav,ESD
data/external/esd_processed/surprised/esd_surprised_0810.wav,surprised,Emotion Speech Dataset/0002/Surprise/0002_001487.wav,ESD
data/external/esd_processed/surprised/esd_surprised_0811.wav,surprised,Emotion Speech Dataset/0002/Surprise/0002_001505.wav,ESD
data/external/esd_processed/surprised/esd_surprised_0812.wav,surprised,Emotion Speech Dataset/0002/Surprise/0002_001613.wav,ESD
data/external/esd_processed/surprised/esd_surprised_0813.wav,surprised,Emotion Speech Dataset/0002/Surprise/0002_001669.wav,ESD
data/external/esd_processed/surprised/esd_surprised_0814.wav,surprised,Emotion Speech Dataset/0002/Surprise/0002_001691.wav,ESD
data/external/esd_processed/surprised/esd_surprised_0815.wav,surprised,Emotion Speech Dataset/0002/Surprise/0002_001728.wav,ESD
data/external/esd_processed/surprised/esd_surprised_0816.wav,surprised,Emotion Speech Dataset/0002/Surprise/0002_001739.wav,ESD
data/external/esd_processed/surprised/esd_surprised_0817.wav,surprised,Emotion Speech Dataset/0002/Surprise/0002_001741.wav,ESD
data/external/esd_processed/surprised/esd_surprised_0818.wav,surprised,Emotion Speech Dataset/0002/Surprise/0002_001745.wav,ESD
data/external/esd_processed/surprised/esd_surprised_0819.wav,surprised,Emotion Speech Dataset/0003/Surprise/0003_001420.wav,ESD
data/external/esd_processed/surprised/esd_surprised_0820.wav,surprised,Emotion Speech Dataset/0003/Surprise/0003_001429.wav,ESD
data/external/esd_processed/surprised/esd_surprised_0821.wav,surprised,Emotion Speech Dataset/0003/Surprise/0003_001466.wav,ESD
data/external/esd_processed/surprised/esd_surprised_0822.wav,surprised,Emotion Speech Dataset/0003/Surprise/0003_001467.wav,ESD
data/external/esd_processed/surprised/esd_surprised_0823.wav,surprised,Emotion Speech Dataset/0003/Surprise/0003_001496.wav,ESD
data/external/esd_processed/surprised/esd_surprised_0824.wav,surprised,Emotion Speech Dataset/0003/Surprise/0003_001533.wav,ESD
data/external/esd_processed/surprised/esd_surprised_0825.wav,surprised,Emotion Speech Dataset/0003/Surprise/0003_001535.wav,ESD
data/external/esd_processed/surprised/esd_surprised_0826.wav,surprised,Emotion Speech Dataset/0003/Surprise/0003_001553.wav,ESD
data/external/esd_processed/surprised/esd_surprised_0827.wav,surprised,Emotion Speech Dataset/0003/Surprise/0003_001592.wav,ESD
data/external/esd_processed/surprised/esd_surprised_0828.wav,surprised,Emotion Speech Dataset/0003/Surprise/0003_001615.wav,ESD
data/external/esd_processed/surprised/esd_surprised_0829.wav,surprised,Emotion Speech Dataset/0003/Surprise/0003_001620.wav,ESD
data/external/esd_processed/surprised/esd_surprised_0830.wav,surprised,Emotion Speech Dataset/0003/Surprise/0003_001661.wav,ESD
data/external/esd_processed/surprised/esd_surprised_0831.wav,surprised,Emotion Speech Dataset/0003/Surprise/0003_001728.wav,ESD
data/external/esd_processed/surprised/esd_surprised_0832.wav,surprised,Emotion Speech Dataset/0003/Surprise/0003_001735.wav,ESD
data/external/esd_processed/surprised/esd_surprised_0833.wav,surprised,Emotion Speech Dataset/0004/Surprise/0004_001407.wav,ESD
data/external/esd_processed/surprised/esd_surprised_0834.wav,surprised,Emotion Speech Dataset/0004/Surprise/0004_001439.wav,ESD
data/external/esd_processed/surprised/esd_surprised_0835.wav,surprised,Emotion Speech Dataset/0004/Surprise/0004_001463.wav,ESD
data/external/esd_processed/surprised/esd_surprised_0836.wav,surprised,Emotion Speech Dataset/0004/Surprise/0004_001572.wav,ESD
data/external/esd_processed/surprised/esd_surprised_0837.wav,surprised,Emotion Speech Dataset/0004/Surprise/0004_001620.wav,ESD
data/external/esd_processed/surprised/esd_surprised_0838.wav,surprised,Emotion Speech Dataset/0004/Surprise/0004_001624.wav,ESD
data/external/esd_processed/surprised/esd_surprised_0839.wav,surprised,Emotion Speech Dataset/0004/Surprise/0004_001644.wav,ESD
data/external/esd_processed/surprised/esd_surprised_0840.wav,surprised,Emotion Speech Dataset/0004/Surprise/0004_001671.wav,ESD
data/external/esd_processed/surprised/esd_surprised_0841.wav,surprised,Emotion Speech Dataset/0004/Surprise/0004_001705.wav,ESD
data/external/esd_processed/surprised/esd_surprised_0842.wav,surprised,Emotion Speech Dataset/0004/Surprise/0004_001711.wav,ESD
data/external/esd_processed/surprised/esd_surprised_0843.wav,surprised,Emotion Speech Dataset/0004/Surprise/0004_001721.wav,ESD
data/external/esd_processed/surprised/esd_surprised_0844.wav,surprised,Emotion Speech Dataset/0004/Surprise/0004_001727.wav,ESD
data/external/esd_processed/surprised/esd_surprised_0845.wav,surprised,Emotion Speech Dataset/0004/Surprise/0004_001728.wav,ESD
data/external/esd_processed/surprised/esd_surprised_0846.wav,surprised,Emotion Speech Dataset/0005/Surprise/0005_001469.wav,ESD
data/external/esd_processed/surprised/esd_surprised_0847.wav,surprised,Emotion Speech Dataset/0005/Surprise/0005_001475.wav,ESD
data/external/esd_processed/surprised/esd_surprised_0848.wav,surprised,Emotion Speech Dataset/0005/Surprise/0005_001487.wav,ESD
data/external/esd_processed/surprised/esd_surprised_0849.wav,surprised,Emotion Speech Dataset/0005/Surprise/0005_001502.wav,ESD
data/external/esd_processed/surprised/esd_surprised_0850.wav,surprised,Emotion Speech Dataset/0005/Surprise/0005_001543.wav,ESD
data/external/esd_processed/surprised/esd_surprised_0851.wav,surprised,Emotion Speech Dataset/0005/Surprise/0005_001636.wav,ESD
data/external/esd_processed/surprised/esd_surprised_0852.wav,surprised,Emotion Speech Dataset/0005/Surprise/0005_001690.wav,ESD
data/external/esd_processed/surprised/esd_surprised_0853.wav,surprised,Emotion Speech Dataset/0005/Surprise/0005_001697.wav,ESD
data/external/esd_processed/surprised/esd_surprised_0854.wav,surprised,Emotion Speech Dataset/0005/Surprise/0005_001706.wav,ESD
data/external/esd_processed/surprised/esd_surprised_0855.wav,surprised,Emotion Speech Dataset/0005/Surprise/0005_001714.wav,ESD
data/external/esd_processed/surprised/esd_surprised_0856.wav,surprised,Emotion Speech Dataset/0005/Surprise/0005_001745.wav,ESD
data/external/esd_processed/surprised/esd_surprised_0857.wav,surprised,Emotion Speech Dataset/0006/Surprise/0006_001454.wav,ESD
data/external/esd_processed/surprised/esd_surprised_0858.wav,surprised,Emotion Speech Dataset/0006/Surprise/0006_001522.wav,ESD
data/external/esd_processed/surprised/esd_surprised_0859.wav,surprised,Emotion Speech Dataset/0006/Surprise/0006_001555.wav,ESD
data/external/esd_processed/surprised/esd_surprised_0860.wav,surprised,Emotion Speech Dataset/0006/Surprise/0006_001580.wav,ESD
data/external/esd_processed/surprised/esd_surprised_0861.wav,surprised,Emotion Speech Dataset/0006/Surprise/0006_001590.wav,ESD
data/external/esd_processed/surprised/esd_surprised_0862.wav,surprised,Emotion Speech Dataset/0006/Surprise/0006_001675.wav,ESD
data/external/esd_processed/surprised/esd_surprised_0863.wav,surprised,Emotion Speech Dataset/0006/Surprise/0006_001679.wav,ESD
data/external/esd_processed/surprised/esd_surprised_0864.wav,surprised,Emotion Speech Dataset/0006/Surprise/0006_001687.wav,ESD
data/external/esd_processed/surprised/esd_surprised_0865.wav,surprised,Emotion Speech Dataset/0006/Surprise/0006_001697.wav,ESD
data/external/esd_processed/surprised/esd_surprised_0866.wav,surprised,Emotion Speech Dataset/0006/Surprise/0006_001698.wav,ESD
data/external/esd_processed/surprised/esd_surprised_0867.wav,surprised,Emotion Speech Dataset/0006/Surprise/0006_001720.wav,ESD
data/external/esd_processed/surprised/esd_surprised_0868.wav,surprised,Emotion Speech Dataset/0007/Surprise/0007_001419.wav,ESD
data/external/esd_processed/surprised/esd_surprised_0869.wav,surprised,Emotion Speech Dataset/0007/Surprise/0007_001466.wav,ESD
data/external/esd_processed/surprised/esd_surprised_0870.wav,surprised,Emotion Speech Dataset/0007/Surprise/0007_001470.wav,ESD
data/external/esd_processed/surprised/esd_surprised_0871.wav,surprised,Emotion Speech Dataset/0007/Surprise/0007_001608.wav,ESD
data/external/esd_processed/surprised/esd_surprised_0872.wav,surprised,Emotion Speech Dataset/0007/Surprise/0007_001663.wav,ESD
data/external/esd_processed/surprised/esd_surprised_0873.wav,surprised,Emotion Speech Dataset/0007/Surprise/0007_001693.wav,ESD
data/external/esd_processed/surprised/esd_surprised_0874.wav,surprised,Emotion Speech Dataset/0007/Surprise/0007_001731.wav,ESD
data/external/esd_processed/surprised/esd_surprised_0875.wav,surprised,Emotion Speech Dataset/0007/Surprise/0007_001750.wav,ESD
data/external/esd_processed/surprised/esd_surprised_0876.wav,surprised,Emotion Speech Dataset/0008/Surprise/0008_001415.wav,ESD
data/external/esd_processed/surprised/esd_surprised_0877.wav,surprised,Emotion Speech Dataset/0008/Surprise/0008_001515.wav,ESD
data/external/esd_processed/surprised/esd_surprised_0878.wav,surprised,Emotion Speech Dataset/0008/Surprise/0008_001534.wav,ESD
data/external/esd_processed/surprised/esd_surprised_0879.wav,surprised,Emotion Speech Dataset/0008/Surprise/0008_001622.wav,ESD
data/external/esd_processed/surprised/esd_surprised_0880.wav,surprised,Emotion Speech Dataset/0008/Surprise/0008_001636.wav,ESD
data/external/esd_processed/surprised/esd_surprised_0881.wav,surprised,Emotion Speech Dataset/0008/Surprise/0008_001638.wav,ESD
data/external/esd_processed/surprised/esd_surprised_0882.wav,surprised,Emotion Speech Dataset/0008/Surprise/0008_001639.wav,ESD
data/external/esd_processed/surprised/esd_surprised_0883.wav,surprised,Emotion Speech Dataset/0008/Surprise/0008_001660.wav,ESD
data/external/esd_processed/surprised/esd_surprised_0884.wav,surprised,Emotion Speech Dataset/0008/Surprise/0008_001706.wav,ESD
data/external/esd_processed/surprised/esd_surprised_0885.wav,surprised,Emotion Speech Dataset/0008/Surprise/0008_001727.wav,ESD
data/external/esd_processed/surprised/esd_surprised_0886.wav,surprised,Emotion Speech Dataset/0008/Surprise/0008_001745.wav,ESD
data/external/esd_processed/surprised/esd_surprised_0887.wav,surprised,Emotion Speech Dataset/0009/Surprise/0009_001435.wav,ESD
data/external/esd_processed/surprised/esd_surprised_0888.wav,surprised,Emotion Speech Dataset/0009/Surprise/0009_001504.wav,ESD
data/external/esd_processed/surprised/esd_surprised_0889.wav,surprised,Emotion Speech Dataset/0009/Surprise/0009_001659.wav,ESD
data/external/esd_processed/surprised/esd_surprised_0890.wav,surprised,Emotion Speech Dataset/0009/Surprise/0009_001712.wav,ESD
data/external/esd_processed/surprised/esd_surprised_0891.wav,surprised,Emotion Speech Dataset/0009/Surprise/0009_001730.wav,ESD
data/external/esd_processed/surprised/esd_surprised_0892.wav,surprised,Emotion Speech Dataset/0009/Surprise/0009_001740.wav,ESD
data/external/esd_processed/surprised/esd_surprised_0893.wav,surprised,Emotion Speech Dataset/0010/Surprise/0010_001408.wav,ESD
data/external/esd_processed/surprised/esd_surprised_0894.wav,surprised,Emotion Speech Dataset/0010/Surprise/0010_001436.wav,ESD
data/external/esd_processed/surprised/esd_surprised_0895.wav,surprised,Emotion Speech Dataset/0010/Surprise/0010_001438.wav,ESD
data/external/esd_processed/surprised/esd_surprised_0896.wav,surprised,Emotion Speech Dataset/0010/Surprise/0010_001531.wav,ESD
data/external/esd_processed/surprised/esd_surprised_0897.wav,surprised,Emotion Speech Dataset/0010/Surprise/0010_001552.wav,ESD
data/external/esd_processed/surprised/esd_surprised_0898.wav,surprised,Emotion Speech Dataset/0010/Surprise/0010_001614.wav,ESD
data/external/esd_processed/surprised/esd_surprised_0899.wav,surprised,Emotion Speech Dataset/0010/Surprise/0010_001691.wav,ESD
data/external/esd_processed/surprised/esd_surprised_0900.wav,surprised,Emotion Speech Dataset/0010/Surprise/0010_001716.wav,ESD
data/external/esd_processed/surprised/esd_surprised_0901.wav,surprised,Emotion Speech Dataset/0010/Surprise/0010_001741.wav,ESD
data/external/esd_processed/surprised/esd_surprised_0902.wav,surprised,Emotion Speech Dataset/0010/Surprise/0010_001750.wav,ESD
data/external/esd_processed/surprised/esd_surprised_0903.wav,surprised,Emotion Speech Dataset/0011/Surprise/0011_001431.wav,ESD
data/external/esd_processed/surprised/esd_surprised_0904.wav,surprised,Emotion Speech Dataset/0011/Surprise/0011_001452.wav,ESD
data/external/esd_processed/surprised/esd_surprised_0905.wav,surprised,Emotion Speech Dataset/0011/Surprise/0011_001525.wav,ESD
data/external/esd_processed/surprised/esd_surprised_0906.wav,surprised,Emotion Speech Dataset/0011/Surprise/0011_001575.wav,ESD
data/external/esd_processed/surprised/esd_surprised_0907.wav,surprised,Emotion Speech Dataset/0011/Surprise/0011_001594.wav,ESD
data/external/esd_processed/surprised/esd_surprised_0908.wav,surprised,Emotion Speech Dataset/0011/Surprise/0011_001598.wav,ESD
data/external/esd_processed/surprised/esd_surprised_0909.wav,surprised,Emotion Speech Dataset/0011/Surprise/0011_001692.wav,ESD
data/external/esd_processed/surprised/esd_surprised_0910.wav,surprised,Emotion Speech Dataset/0011/Surprise/0011_001708.wav,ESD
data/external/esd_processed/surprised/esd_surprised_0911.wav,surprised,Emotion Speech Dataset/0012/Surprise/0012_001459.wav,ESD
data/external/esd_processed/surprised/esd_surprised_0912.wav,surprised,Emotion Speech Dataset/0012/Surprise/0012_001465.wav,ESD
data/external/esd_processed/surprised/esd_surprised_0913.wav,surprised,Emotion Speech Dataset/0012/Surprise/0012_001495.wav,ESD
data/external/esd_processed/surprised/esd_surprised_0914.wav,surprised,Emotion Speech Dataset/0012/Surprise/0012_001701.wav,ESD
data/external/esd_processed/surprised/esd_surprised_0915.wav,surprised,Emotion Speech Dataset/0012/Surprise/0012_001717.wav,ESD
data/external/esd_processed/surprised/esd_surprised_0916.wav,surprised,Emotion Speech Dataset/0013/Surprise/0013_001408.wav,ESD
data/external/esd_processed/surprised/esd_surprised_0917.wav,surprised,Emotion Speech Dataset/0013/Surprise/0013_001468.wav,ESD
data/external/esd_processed/surprised/esd_surprised_0918.wav,surprised,Emotion Speech Dataset/0013/Surprise/0013_001475.wav,ESD
data/external/esd_processed/surprised/esd_surprised_0919.wav,surprised,Emotion Speech Dataset/0013/Surprise/0013_001497.wav,ESD
data/external/esd_processed/surprised/esd_surprised_0920.wav,surprised,Emotion Speech Dataset/0013/Surprise/0013_001498.wav,ESD
data/external/esd_processed/surprised/esd_surprised_0921.wav,surprised,Emotion Speech Dataset/0013/Surprise/0013_001573.wav,ESD
data/external/esd_processed/surprised/esd_surprised_0922.wav,surprised,Emotion Speech Dataset/0013/Surprise/0013_001637.wav,ESD
data/external/esd_processed/surprised/esd_surprised_0923.wav,surprised,Emotion Speech Dataset/0013/Surprise/0013_001654.wav,ESD
data/external/esd_processed/surprised/esd_surprised_0924.wav,surprised,Emotion Speech Dataset/0013/Surprise/0013_001671.wav,ESD
data/external/esd_processed/surprised/esd_surprised_0925.wav,surprised,Emotion Speech Dataset/0013/Surprise/0013_001702.wav,ESD
data/external/esd_processed/surprised/esd_surprised_0926.wav,surprised,Emotion Speech Dataset/0013/Surprise/0013_001746.wav,ESD
data/external/esd_processed/surprised/esd_surprised_0927.wav,surprised,Emotion Speech Dataset/0014/Surprise/0014_001440.wav,ESD
data/external/esd_processed/surprised/esd_surprised_0928.wav,surprised,Emotion Speech Dataset/0014/Surprise/0014_001481.wav,ESD
data/external/esd_processed/surprised/esd_surprised_0929.wav,surprised,Emotion Speech Dataset/0014/Surprise/0014_001526.wav,ESD
data/external/esd_processed/surprised/esd_surprised_0930.wav,surprised,Emotion Speech Dataset/0014/Surprise/0014_001555.wav,ESD
data/external/esd_processed/surprised/esd_surprised_0931.wav,surprised,Emotion Speech Dataset/0014/Surprise/0014_001615.wav,ESD
data/external/esd_processed/surprised/esd_surprised_0932.wav,surprised,Emotion Speech Dataset/0014/Surprise/0014_001645.wav,ESD
data/external/esd_processed/surprised/esd_surprised_0933.wav,surprised,Emotion Speech Dataset/0014/Surprise/0014_001700.wav,ESD
data/external/esd_processed/surprised/esd_surprised_0934.wav,surprised,Emotion Speech Dataset/0014/Surprise/0014_001718.wav,ESD
data/external/esd_processed/surprised/esd_surprised_0935.wav,surprised,Emotion Speech Dataset/0015/Surprise/0015_001401.wav,ESD
data/external/esd_processed/surprised/esd_surprised_0936.wav,surprised,Emotion Speech Dataset/0015/Surprise/0015_001425.wav,ESD
data/external/esd_processed/surprised/esd_surprised_0937.wav,surprised,Emotion Speech Dataset/0015/Surprise/0015_001435.wav,ESD
data/external/esd_processed/surprised/esd_surprised_0938.wav,surprised,Emotion Speech Dataset/0015/Surprise/0015_001453.wav,ESD
data/external/esd_processed/surprised/esd_surprised_0939.wav,surprised,Emotion Speech Dataset/0015/Surprise/0015_001531.wav,ESD
data/external/esd_processed/surprised/esd_surprised_0940.wav,surprised,Emotion Speech Dataset/0015/Surprise/0015_001553.wav,ESD
data/external/esd_processed/surprised/esd_surprised_0941.wav,surprised,Emotion Speech Dataset/0015/Surprise/0015_001581.wav,ESD
data/external/esd_processed/surprised/esd_surprised_0942.wav,surprised,Emotion Speech Dataset/0015/Surprise/0015_001592.wav,ESD
data/external/esd_processed/surprised/esd_surprised_0943.wav,surprised,Emotion Speech Dataset/0015/Surprise/0015_001610.wav,ESD
data/external/esd_processed/surprised/esd_surprised_0944.wav,surprised,Emotion Speech Dataset/0015/Surprise/0015_001664.wav,ESD
data/external/esd_processed/surprised/esd_surprised_0945.wav,surprised,Emotion Speech Dataset/0016/Surprise/0016_001408.wav,ESD
data/external/esd_processed/surprised/esd_surprised_0946.wav,surprised,Emotion Speech Dataset/0016/Surprise/0016_001411.wav,ESD
data/external/esd_processed/surprised/esd_surprised_0947.wav,surprised,Emotion Speech Dataset/0016/Surprise/0016_001465.wav,ESD
data/external/esd_processed/surprised/esd_surprised_0948.wav,surprised,Emotion Speech Dataset/0016/Surprise/0016_001470.wav,ESD
data/external/esd_processed/surprised/esd_surprised_0949.wav,surprised,Emotion Speech Dataset/0016/Surprise/0016_001500.wav,ESD
data/external/esd_processed/surprised/esd_surprised_0950.wav,surprised,Emotion Speech Dataset/0016/Surprise/0016_001533.wav,ESD
data/external/esd_processed/surprised/esd_surprised_0951.wav,surprised,Emotion Speech Dataset/0016/Surprise/0016_001546.wav,ESD
data/external/esd_processed/surprised/esd_surprised_0952.wav,surprised,Emotion Speech Dataset/0016/Surprise/0016_001637.wav,ESD
data/external/esd_processed/surprised/esd_surprised_0953.wav,surprised,Emotion Speech Dataset/0016/Surprise/0016_001659.wav,ESD
data/external/esd_processed/surprised/esd_surprised_0954.wav,surprised,Emotion Speech Dataset/0016/Surprise/0016_001673.wav,ESD
data/external/esd_processed/surprised/esd_surprised_0955.wav,surprised,Emotion Speech Dataset/0016/Surprise/0016_001674.wav,ESD
data/external/esd_processed/surprised/esd_surprised_0956.wav,surprised,Emotion Speech Dataset/0016/Surprise/0016_001683.wav,ESD
data/external/esd_processed/surprised/esd_surprised_0957.wav,surprised,Emotion Speech Dataset/0016/Surprise/0016_001695.wav,ESD
data/external/esd_processed/surprised/esd_surprised_0958.wav,surprised,Emotion Speech Dataset/0016/Surprise/0016_001702.wav,ESD
data/external/esd_processed/surprised/esd_surprised_0959.wav,surprised,Emotion Speech Dataset/0017/Surprise/0017_001406.wav,ESD
data/external/esd_processed/surprised/esd_surprised_0960.wav,surprised,Emotion Speech Dataset/0017/Surprise/0017_001407.wav,ESD
data/external/esd_processed/surprised/esd_surprised_0961.wav,surprised,Emotion Speech Dataset/0017/Surprise/0017_001450.wav,ESD
data/external/esd_processed/surprised/esd_surprised_0962.wav,surprised,Emotion Speech Dataset/0017/Surprise/0017_001465.wav,ESD
data/external/esd_processed/surprised/esd_surprised_0963.wav,surprised,Emotion Speech Dataset/0017/Surprise/0017_001472.wav,ESD
data/external/esd_processed/surprised/esd_surprised_0964.wav,surprised,Emotion Speech Dataset/0017/Surprise/0017_001495.wav,ESD
data/external/esd_processed/surprised/esd_surprised_0965.wav,surprised,Emotion Speech Dataset/0017/Surprise/0017_001510.wav,ESD
data/external/esd_processed/surprised/esd_surprised_0966.wav,surprised,Emotion Speech Dataset/0017/Surprise/0017_001571.wav,ESD
data/external/esd_processed/surprised/esd_surprised_0967.wav,surprised,Emotion Speech Dataset/0017/Surprise/0017_001624.wav,ESD
data/external/esd_processed/surprised/esd_surprised_0968.wav,surprised,Emotion Speech Dataset/0017/Surprise/0017_001708.wav,ESD
data/external/esd_processed/surprised/esd_surprised_0969.wav,surprised,Emotion Speech Dataset/0017/Surprise/0017_001729.wav,ESD
data/external/esd_processed/surprised/esd_surprised_0970.wav,surprised,Emotion Speech Dataset/0018/Surprise/0018_001408.wav,ESD
data/external/esd_processed/surprised/esd_surprised_0971.wav,surprised,Emotion Speech Dataset/0018/Surprise/0018_001432.wav,ESD
data/external/esd_processed/surprised/esd_surprised_0972.wav,surprised,Emotion Speech Dataset/0018/Surprise/0018_001438.wav,ESD
data/external/esd_processed/surprised/esd_surprised_0973.wav,surprised,Emotion Speech Dataset/0018/Surprise/0018_001451.wav,ESD
data/external/esd_processed/surprised/esd_surprised_0974.wav,surprised,Emotion Speech Dataset/0018/Surprise/0018_001488.wav,ESD
data/external/esd_processed/surprised/esd_surprised_0975.wav,surprised,Emotion Speech Dataset/0018/Surprise/0018_001557.wav,ESD
data/external/esd_processed/surprised/esd_surprised_0976.wav,surprised,Emotion Speech Dataset/0018/Surprise/0018_001569.wav,ESD
data/external/esd_processed/surprised/esd_surprised_0977.wav,surprised,Emotion Speech Dataset/0018/Surprise/0018_001572.wav,ESD
data/external/esd_processed/surprised/esd_surprised_0978.wav,surprised,Emotion Speech Dataset/0018/Surprise/0018_001667.wav,ESD
data/external/esd_processed/surprised/esd_surprised_0979.wav,surprised,Emotion Speech Dataset/0018/Surprise/0018_001745.wav,ESD
data/external/esd_processed/surprised/esd_surprised_0980.wav,surprised,Emotion Speech Dataset/0019/Surprise/0019_001405.wav,ESD
data/external/esd_processed/surprised/esd_surprised_0981.wav,surprised,Emotion Speech Dataset/0019/Surprise/0019_001410.wav,ESD
data/external/esd_processed/surprised/esd_surprised_0982.wav,surprised,Emotion Speech Dataset/0019/Surprise/0019_001440.wav,ESD
data/external/esd_processed/surprised/esd_surprised_0983.wav,surprised,Emotion Speech Dataset/0019/Surprise/0019_001448.wav,ESD
data/external/esd_processed/surprised/esd_surprised_0984.wav,surprised,Emotion Speech Dataset/0019/Surprise/0019_001511.wav,ESD
data/external/esd_processed/surprised/esd_surprised_0985.wav,surprised,Emotion Speech Dataset/0019/Surprise/0019_001538.wav,ESD
data/external/esd_processed/surprised/esd_surprised_0986.wav,surprised,Emotion Speech Dataset/0019/Surprise/0019_001541.wav,ESD
data/external/esd_processed/surprised/esd_surprised_0987.wav,surprised,Emotion Speech Dataset/0019/Surprise/0019_001580.wav,ESD
data/external/esd_processed/surprised/esd_surprised_0988.wav,surprised,Emotion Speech Dataset/0019/Surprise/0019_001619.wav,ESD
data/external/esd_processed/surprised/esd_surprised_0989.wav,surprised,Emotion Speech Dataset/0019/Surprise/0019_001623.wav,ESD
data/external/esd_processed/surprised/esd_surprised_0990.wav,surprised,Emotion Speech Dataset/0019/Surprise/0019_001628.wav,ESD
data/external/esd_processed/surprised/esd_surprised_0991.wav,surprised,Emotion Speech Dataset/0019/Surprise/0019_001636.wav,ESD
data/external/esd_processed/surprised/esd_surprised_0992.wav,surprised,Emotion Speech Dataset/0019/Surprise/0019_001662.wav,ESD
data/external/esd_processed/surprised/esd_surprised_0993.wav,surprised,Emotion Speech Dataset/0019/Surprise/0019_001690.wav,ESD
data/external/esd_processed/surprised/esd_surprised_0994.wav,surprised,Emotion Speech Dataset/0019/Surprise/0019_001737.wav,ESD
data/external/esd_processed/surprised/esd_surprised_0995.wav,surprised,Emotion Speech Dataset/0020/Surprise/0020_001452.wav,ESD
data/external/esd_processed/surprised/esd_surprised_0996.wav,surprised,Emotion Speech Dataset/0020/Surprise/0020_001458.wav,ESD
data/external/esd_processed/surprised/esd_surprised_0997.wav,surprised,Emotion Speech Dataset/0020/Surprise/0020_001516.wav,ESD
data/external/esd_processed/surprised/esd_surprised_0998.wav,surprised,Emotion Speech Dataset/0020/Surprise/0020_001599.wav,ESD
data/external/esd_processed/surprised/esd_surprised_0999.wav,surprised,Emotion Speech Dataset/0020/Surprise/0020_001652.wav,ESD
data/external/esd_processed/surprised/esd_surprised_1000.wav,surprised,Emotion Speech Dataset/0020/Surprise/0020_001720.wav,ESD
